candidate_id,status,selected_rank,score,lambda_max,occupancy,span_x,span_y,aspect_ratio,min_x,max_x,min_y,max_y,a0,a1,a2,a3,a4,a5,b0,b1,b2,b3,b4,b5
1,diverged,,0.000000,,0.000000,0.000000,0.000000,0.000000,0.000000,0.000000,0.000000,0.000000,0.389380,1.023781,0.995674,0.808383,-0.080084,0.444406,-0.437909,-0.678377,0.051495,-0.859980,0.052634,1.150880
2,collapsed,,0.000000,-0.062926,0.000000,0.000000,0.000000,0.000000,-0.230250,-0.230250,-0.182035,-0.182035,-0.257675,-0.411390,1.127339,-0.934360,0.344018,-0.762836,-0.099684,0.524933,0.381692,0.738218,-0.098244,-0.921811
3,diverged,,0.000000,,0.000000,0.000000,0.000000,0.000000,0.000000,0.000000,0.000000,0.000000,-0.927541,-0.029717,-0.528395,0.282287,0.419576,-0.915603,0.577746,1.042226,-0.046780,0.481815,-0.999843,0.861508
4,collapsed,,0.000000,-0.316595,0.000000,0.000000,0.000000,0.000000,-0.505904,-0.505904,0.680177,0.680177,-0.439364,-0.553988,-0.076584,-0.610999,-0.790979,0.001198,0.422708,-0.374239,-0.217439,0.386197,0.969501,-0.870542
5,diverged,,0.000000,,0.000000,0.000000,0.000000,0.000000,0.000000,0.000000,0.000000,0.000000,-0.389413,0.997247,0.086651,-1.079799,0.548812,0.610041,0.221197,-0.052703,-0.486711,1.119319,0.463787,-0.284471
6,diverged,,0.000000,,0.000000,0.000000,0.000000,0.000000,0.000000,0.000000,0.000000,0.000000,0.284004,-0.791812,1.102624,-0.290123,-0.763978,-0.509450,-0.338831,-0.221487,-0.668001,-0.697294,0.632431,-0.273093
7,collapsed,,0.000000,-0.134463,0.001250,0.402795,0.145636,0.361564,-0.160333,0.242462,-1.305064,-1.159428,-1.082727,-0.759075,-0.531963,-0.407661,0.037680,0.793589,-0.713804,0.202432,0.026539,0.468274,0.821501,0.328957
8,collapsed,,0.000000,-0.782436,0.000000,0.000000,0.000000,0.000000,0.298276,0.298276,-0.092613,-0.092613,0.392135,-0.519712,-0.590432,-0.419139,-0.999232,1.115614,-0.182459,0.416333,-0.233110,0.125936,0.082738,-0.286271
9,diverged,,0.000000,,0.000000,0.000000,0.000000,0.000000,0.000000,0.000000,0.000000,0.000000,-1.064529,-0.102714,-0.430618,0.768442,-0.471223,1.182164,1.121085,0.588941,0.291928,-1.098129,0.486572,0.157356
10,collapsed,,0.000000,-1.092057,0.000000,0.000000,0.000000,0.000000,0.175703,0.175703,0.259836,0.259836,0.020135,0.199560,-0.856261,-0.722981,0.881625,-0.727736,0.303098,0.264980,-1.060833,0.346359,-0.134040,-0.563663
11,collapsed,,0.000000,-0.848374,0.000000,0.000000,0.000000,0.000000,-0.225482,-0.225482,-0.215763,-0.215763,-0.194456,-0.256705,-1.173160,0.082004,0.143873,-0.047454,-0.526897,-1.195508,-0.165027,0.598386,-0.331451,-1.088366
12,diverged,,0.000000,,0.000000,0.000000,0.000000,0.000000,0.000000,0.000000,0.000000,0.000000,0.585029,0.097663,1.095608,-0.878574,1.034997,-0.438508,1.059364,-0.338735,0.508964,-0.077808,-0.790628,0.570214
13,collapsed,,0.000000,-0.418948,0.000000,0.000000,0.000000,0.000000,0.462897,0.462897,0.752741,0.752741,0.592372,0.273927,-0.070434,0.582034,-0.903951,0.417305,0.639725,-0.691007,-0.304588,0.103171,1.139059,-0.697505
14,diverged,,0.000000,,0.000000,0.000000,0.000000,0.000000,0.000000,0.000000,0.000000,0.000000,1.105803,1.154155,1.158514,0.383573,1.173144,0.669488,-0.635644,-0.344504,0.922355,-0.108789,-0.472200,0.744392
15,collapsed,,0.000000,-0.166811,0.000000,0.000000,0.000000,0.000000,0.147744,0.147744,0.253633,0.253633,-0.128036,-0.578695,-0.007772,0.820079,1.067207,0.933300,0.351791,0.077186,-0.905881,-0.656794,-0.281237,0.095670
16,diverged,,0.000000,,0.000000,0.000000,0.000000,0.000000,0.000000,0.000000,0.000000,0.000000,0.115860,-0.525849,-0.674597,0.949430,-0.665447,-0.676835,-1.067605,0.279196,-0.240926,0.481158,1.052256,-0.744316
17,diverged,,0.000000,,0.000000,0.000000,0.000000,0.000000,0.000000,0.000000,0.000000,0.000000,-0.918412,0.412028,-0.777413,0.624207,1.048658,-0.928378,-0.345706,0.675192,1.181250,1.089207,0.346603,-0.506472
18,diverged,,0.000000,,0.000000,0.000000,0.000000,0.000000,0.000000,0.000000,0.000000,0.000000,-1.057542,0.060858,-0.931728,-0.140816,-0.241376,-1.082953,-0.231551,1.006159,-0.519643,0.196886,0.474709,0.601630
19,diverged,,0.000000,,0.000000,0.000000,0.000000,0.000000,0.000000,0.000000,0.000000,0.000000,0.080614,-0.987918,0.906274,0.659859,-0.660157,0.969008,-0.843219,-0.576018,-0.669458,-0.738053,-0.112272,-1.013328
20,diverged,,0.000000,,0.000000,0.000000,0.000000,0.000000,0.000000,0.000000,0.000000,0.000000,0.737660,0.964486,0.021039,-0.840424,0.673745,0.845677,-0.870682,-0.460775,0.655070,1.056314,-0.900965,0.606084
21,diverged,,0.000000,,0.000000,0.000000,0.000000,0.000000,0.000000,0.000000,0.000000,0.000000,0.541316,0.578343,0.763973,0.466191,0.129591,-0.841286,0.371764,-0.746314,1.069150,0.945820,0.183633,-0.155241
22,collapsed,,0.000000,-0.129534,0.000000,0.000000,0.000000,0.000000,-0.313745,-0.313745,-0.278464,-0.278464,-0.626645,-0.921985,-0.665480,-0.590049,-0.499419,0.020889,-0.269140,0.950738,-0.443165,0.776593,-0.847364,0.371150
23,diverged,,0.000000,,0.000000,0.000000,0.000000,0.000000,0.000000,0.000000,0.000000,0.000000,-0.429232,0.008226,0.512851,1.036762,-0.858863,-0.668810,1.169684,-1.180470,0.840793,0.953879,0.620606,-0.073125
24,diverged,,0.000000,,0.000000,0.000000,0.000000,0.000000,0.000000,0.000000,0.000000,0.000000,0.214657,0.438386,-1.159365,0.637764,1.072763,-1.078464,-1.024109,0.271243,0.654984,-0.794113,0.540993,-1.195521
25,diverged,,0.000000,,0.000000,0.000000,0.000000,0.000000,0.000000,0.000000,0.000000,0.000000,0.877811,-0.689279,-1.073921,0.930715,-0.514096,-0.964389,-0.132379,-0.690294,-0.496388,-0.109062,-0.350909,-1.049240
26,diverged,,0.000000,,0.000000,0.000000,0.000000,0.000000,0.000000,0.000000,0.000000,0.000000,-0.685584,1.108678,-0.111548,0.510160,0.424396,-0.400893,-0.503893,0.094489,0.956957,-0.520631,-0.732968,-0.179960
27,collapsed,,0.000000,-0.216431,0.000000,0.000000,0.000000,0.000000,-0.897425,-0.897425,1.599815,1.599815,-0.385433,0.025038,0.660466,0.384963,1.014593,-0.817340,1.017906,-0.995940,-0.422305,0.261009,0.819316,-0.354683
28,diverged,,0.000000,,0.000000,0.000000,0.000000,0.000000,0.000000,0.000000,0.000000,0.000000,-0.963251,-1.104393,-0.637633,-0.848121,0.964266,0.254367,0.970667,1.045792,0.601502,-0.006212,-0.267561,-0.433987
29,diverged,,0.000000,,0.000000,0.000000,0.000000,0.000000,0.000000,0.000000,0.000000,0.000000,0.559535,0.680173,0.899449,0.507712,-0.443110,-0.728287,0.438061,-1.051704,0.921796,-0.826759,0.678866,-0.699024
30,diverged,,0.000000,,0.000000,0.000000,0.000000,0.000000,0.000000,0.000000,0.000000,0.000000,-0.407593,-0.474188,0.251413,0.424964,-1.157042,1.046021,-0.591106,0.931195,-0.879250,-0.486404,-0.549856,-0.661336
31,collapsed,,0.000000,-0.060694,0.002500,1.763623,0.125305,0.071050,-1.138243,0.625380,0.372652,0.497958,-1.003211,-0.268584,0.705511,-0.865439,0.047565,-0.425043,0.284097,0.016018,-0.066286,0.048809,1.013040,-1.145813
32,diverged,,0.000000,,0.000000,0.000000,0.000000,0.000000,0.000000,0.000000,0.000000,0.000000,0.762758,-0.370624,-0.570652,1.172818,-1.071004,-0.928311,0.804323,0.541294,0.641428,-1.178942,-0.741105,-1.094662
33,diverged,,0.000000,,0.000000,0.000000,0.000000,0.000000,0.000000,0.000000,0.000000,0.000000,-0.880624,0.996489,0.286686,0.690258,-1.171804,1.044517,-0.369756,-0.225271,0.975888,0.386597,-0.619633,0.981090
34,diverged,,0.000000,,0.000000,0.000000,0.000000,0.000000,0.000000,0.000000,0.000000,0.000000,-0.800491,0.285417,-0.858703,0.286525,0.505754,-0.824481,0.124722,-0.522203,0.203811,0.385767,0.510989,-0.759330
35,diverged,,0.000000,,0.000000,0.000000,0.000000,0.000000,0.000000,0.000000,0.000000,0.000000,-1.185621,0.205338,-0.966131,-0.024866,0.098054,0.071285,-1.045126,-0.088099,-1.163190,-0.226274,0.548239,-1.083498
36,diverged,,0.000000,,0.000000,0.000000,0.000000,0.000000,0.000000,0.000000,0.000000,0.000000,0.773287,1.117061,0.292860,0.035288,0.733761,-0.215116,-0.032243,0.478609,-0.597211,0.728844,-0.789961,-0.569743
37,diverged,,0.000000,,0.000000,0.000000,0.000000,0.000000,0.000000,0.000000,0.000000,0.000000,1.083887,-1.187494,1.087873,-0.670326,0.872200,0.383186,-0.280697,-0.433925,-0.471508,-0.307780,-0.159328,-0.997110
38,collapsed,,0.000000,-0.264266,0.000000,0.000000,0.000000,0.000000,0.815268,0.815268,-1.114090,-1.114090,0.822423,0.725787,-0.691675,-0.404683,0.244519,-0.188758,-0.989826,-0.858914,-0.450174,0.244759,-1.031889,-0.041985
39,diverged,,0.000000,,0.000000,0.000000,0.000000,0.000000,0.000000,0.000000,0.000000,0.000000,-0.258891,0.973910,-0.007466,-0.386235,1.062175,0.475394,0.817065,0.001655,0.171364,0.517883,-0.576030,-0.868714
40,diverged,,0.000000,,0.000000,0.000000,0.000000,0.000000,0.000000,0.000000,0.000000,0.000000,1.130948,-0.269699,-0.438470,-0.143364,-0.479074,0.191558,0.305274,-0.337987,-0.348878,-0.815151,-0.817542,-0.554017
41,diverged,,0.000000,,0.000000,0.000000,0.000000,0.000000,0.000000,0.000000,0.000000,0.000000,-0.481465,1.150563,-0.349947,-0.689596,1.141672,-1.078722,0.334580,0.009930,0.644155,-0.405467,1.036954,0.303734
42,diverged,,0.000000,,0.000000,0.000000,0.000000,0.000000,0.000000,0.000000,0.000000,0.000000,-0.505876,1.197129,-0.690031,0.671303,0.572421,0.801458,-0.746788,0.148549,-0.071691,-0.924454,-0.331523,-1.038722
43,diverged,,0.000000,,0.000000,0.000000,0.000000,0.000000,0.000000,0.000000,0.000000,0.000000,0.640001,0.933676,0.103453,-0.372157,0.365827,-0.083021,-1.136437,0.269208,-1.123369,-0.885932,0.232260,0.225530
44,diverged,,0.000000,,0.000000,0.000000,0.000000,0.000000,0.000000,0.000000,0.000000,0.000000,-0.690264,0.439544,-0.181700,-0.846638,0.132303,0.419185,-0.933268,1.135787,1.169875,1.068897,-0.892022,0.668485
45,diverged,,0.000000,,0.000000,0.000000,0.000000,0.000000,0.000000,0.000000,0.000000,0.000000,-0.408457,-1.029889,-0.986791,-0.881595,-0.836340,-0.481521,-0.321113,0.234809,0.360345,0.044507,0.494061,-0.843521
46,diverged,,0.000000,,0.000000,0.000000,0.000000,0.000000,0.000000,0.000000,0.000000,0.000000,-1.023302,-0.044472,-0.988748,-0.661444,0.295102,-0.780871,-0.079165,0.822665,-1.172382,0.249253,-0.928572,0.677578
47,collapsed,,0.000000,-0.463747,0.000000,0.000000,0.000000,0.000000,-0.880066,-0.880066,0.577637,0.577637,-0.367570,-0.641549,-0.342379,0.997260,-0.347208,-0.312881,0.993999,-0.337624,-0.521213,0.050700,0.034183,-0.910426
48,diverged,,0.000000,,0.000000,0.000000,0.000000,0.000000,0.000000,0.000000,0.000000,0.000000,-0.419457,-0.705392,1.148737,-0.287418,-0.442814,0.482138,0.558594,0.658678,0.810523,0.197942,-0.987594,-0.640228
49,diverged,,0.000000,,0.000000,0.000000,0.000000,0.000000,0.000000,0.000000,0.000000,0.000000,0.700257,0.669934,0.029949,-1.134655,-0.516887,-0.929660,0.175153,-1.044621,0.938587,0.615935,0.159173,1.126743
50,collapsed,,0.000000,-0.212454,0.002500,1.029738,0.300440,0.291763,-0.066782,0.962955,-0.513186,-0.212746,0.813344,-0.018211,-0.917002,0.554860,-0.799572,-0.563492,-0.337936,-0.619871,1.094531,-0.261785,1.166181,0.669269
51,collapsed,,0.000000,-0.000964,0.016250,2.247018,2.232169,0.993392,-0.871716,1.375302,-0.818463,1.413707,0.955230,-0.438665,-0.612631,-0.553898,0.408050,-0.379192,0.964399,0.567461,-0.243674,0.207754,0.318700,-0.655998
52,diverged,,0.000000,,0.000000,0.000000,0.000000,0.000000,0.000000,0.000000,0.000000,0.000000,-0.898992,0.727906,-0.023479,-1.092589,-0.898477,-1.012825,0.015426,-0.780159,0.855299,-0.066197,0.306487,0.543059
53,diverged,,0.000000,,0.000000,0.000000,0.000000,0.000000,0.000000,0.000000,0.000000,0.000000,0.335139,0.684933,-0.379214,-0.971666,0.816928,0.407180,-1.193844,-0.273254,0.275268,0.287712,-0.313300,-1.110432
54,diverged,,0.000000,,0.000000,0.000000,0.000000,0.000000,0.000000,0.000000,0.000000,0.000000,-0.952022,-1.151200,0.456313,0.361988,0.630937,0.775216,0.483268,-1.023630,-0.989303,-0.254783,0.823266,-0.757674
55,diverged,,0.000000,,0.000000,0.000000,0.000000,0.000000,0.000000,0.000000,0.000000,0.000000,-1.176939,-1.150196,-0.761884,-1.022921,0.993977,0.964625,0.756684,0.713917,-0.135003,0.878734,-0.214031,-0.295569
56,diverged,,0.000000,,0.000000,0.000000,0.000000,0.000000,0.000000,0.000000,0.000000,0.000000,0.504823,-0.217934,0.037072,-0.843663,0.823944,1.116389,-1.184992,-0.147760,0.021671,-0.185321,-0.073370,-1.159311
57,diverged,,0.000000,,0.000000,0.000000,0.000000,0.000000,0.000000,0.000000,0.000000,0.000000,0.128799,-0.489442,-1.068269,0.547481,-0.908441,-0.844860,0.659362,0.586880,1.154496,-0.074960,-1.105367,-0.770276
58,diverged,,0.000000,,0.000000,0.000000,0.000000,0.000000,0.000000,0.000000,0.000000,0.000000,0.942864,-0.592150,-0.913794,0.822096,-0.932561,1.004185,0.027952,-1.147549,-0.264366,0.463248,0.120166,0.836059
59,diverged,,0.000000,,0.000000,0.000000,0.000000,0.000000,0.000000,0.000000,0.000000,0.000000,1.043576,-0.850172,0.858274,-0.055036,-0.600277,-0.028495,0.852639,-0.291929,0.655309,0.432837,0.196865,1.008673
60,collapsed,,0.000000,-0.854231,0.000000,0.000000,0.000000,0.000000,0.351111,0.351111,0.062645,0.062645,0.024693,1.142639,-0.762841,-0.704484,0.582400,-0.438964,0.294574,-0.687782,0.360301,-0.425073,-0.447688,0.646363
61,diverged,,0.000000,,0.000000,0.000000,0.000000,0.000000,0.000000,0.000000,0.000000,0.000000,-0.161655,-0.440468,-0.677626,0.606637,-0.980286,-0.507680,-0.596634,-0.014139,0.080261,-0.412433,0.617107,-0.841094
62,diverged,,0.000000,,0.000000,0.000000,0.000000,0.000000,0.000000,0.000000,0.000000,0.000000,-1.179485,0.787505,-1.019447,-0.038938,-0.673404,1.149937,0.935178,0.056962,0.793312,1.050393,-0.681050,-0.527079
63,collapsed,,0.000000,-0.051265,0.000000,0.000000,0.000000,0.000000,0.298149,0.298149,-1.595119,-1.595119,-0.055285,-0.996692,-1.101306,-0.383819,-1.010232,-0.410895,-0.825071,-0.062229,-0.677752,0.021927,0.786366,0.225407
64,collapsed,,0.000000,-0.249088,0.000000,0.000000,0.000000,0.000000,0.055539,0.055539,0.351134,0.351134,-0.129763,-0.137784,0.371545,-1.197068,0.566520,0.131624,0.742000,-0.211583,0.486587,-0.021555,-1.180547,0.278470
65,diverged,,0.000000,,0.000000,0.000000,0.000000,0.000000,0.000000,0.000000,0.000000,0.000000,-0.275480,0.930194,0.861386,-0.433580,0.905301,-0.224253,-1.172051,0.612594,0.124809,1.058167,0.488745,-0.090928
66,nonchaotic,,0.000000,-0.000054,0.095625,0.400287,0.290515,0.725766,-0.435535,-0.035248,-0.767627,-0.477112,-0.738825,-1.119796,-0.244303,-0.528991,-0.190988,0.586585,-0.751548,0.608680,0.357065,0.042292,0.266302,0.990629
67,diverged,,0.000000,,0.000000,0.000000,0.000000,0.000000,0.000000,0.000000,0.000000,0.000000,-0.477248,-0.903802,1.071838,0.885155,-0.912463,-0.827610,-0.184330,-0.159174,0.948218,0.719657,-0.371782,0.406104
68,collapsed,,0.000000,-0.162983,0.000000,0.000000,0.000000,0.000000,-0.417641,-0.417641,0.121663,0.121663,-0.783815,-1.029525,0.448336,0.683737,-0.758900,-1.008472,0.490840,1.168173,0.792382,-0.820506,-0.513850,0.088869
69,diverged,,0.000000,,0.000000,0.000000,0.000000,0.000000,0.000000,0.000000,0.000000,0.000000,-0.215765,0.398320,-0.626607,-0.286418,0.436966,1.154886,0.535558,0.449831,0.239934,0.997191,1.070250,-0.233038
70,diverged,,0.000000,,0.000000,0.000000,0.000000,0.000000,0.000000,0.000000,0.000000,0.000000,1.121211,-0.197983,-0.463694,0.227327,0.007540,0.526145,0.388487,0.932030,-0.557695,-0.634324,-0.809495,-0.103223
71,diverged,,0.000000,,0.000000,0.000000,0.000000,0.000000,0.000000,0.000000,0.000000,0.000000,0.004531,0.329150,-0.398355,-0.889892,0.803032,1.077980,1.090480,-0.512797,0.933747,-0.985462,-1.125353,-0.794314
72,diverged,,0.000000,,0.000000,0.000000,0.000000,0.000000,0.000000,0.000000,0.000000,0.000000,1.095002,0.088529,-0.253382,-0.173845,-0.240245,-1.045853,-0.262521,0.983847,0.773315,-0.947049,0.657108,0.239133
73,diverged,,0.000000,,0.000000,0.000000,0.000000,0.000000,0.000000,0.000000,0.000000,0.000000,-1.161055,1.061025,-0.634502,-0.241246,0.457346,-0.381146,-0.613196,0.610555,-0.306285,-0.505920,-0.513497,0.400279
74,collapsed,,0.000000,-0.230809,0.003750,1.787979,1.777515,0.994147,-0.992345,0.795634,-1.275395,0.502120,-0.962567,0.319636,0.542258,0.703651,-0.692513,0.357894,-0.888034,0.348856,-0.530715,-0.237854,-0.350433,0.467377
75,diverged,,0.000000,,0.000000,0.000000,0.000000,0.000000,0.000000,0.000000,0.000000,0.000000,0.520210,1.035892,-0.915826,1.074059,-0.014110,-0.075656,1.158228,0.191312,-0.835752,-0.504824,0.535068,-0.125287
76,collapsed,,0.000000,-0.031604,0.000000,0.000000,0.000000,0.000000,-0.017569,-0.017569,0.835332,0.835332,-0.258664,-0.465041,-1.168706,-0.416185,-0.437050,0.848776,0.722856,0.345646,0.573942,-0.261568,0.711956,-0.688164
77,diverged,,0.000000,,0.000000,0.000000,0.000000,0.000000,0.000000,0.000000,0.000000,0.000000,-0.160838,0.545052,0.482173,1.032987,-0.140098,-0.866923,-0.064570,-0.767587,0.508050,-0.828469,0.541654,0.715090
78,diverged,,0.000000,,0.000000,0.000000,0.000000,0.000000,0.000000,0.000000,0.000000,0.000000,-0.445973,0.497164,-0.718036,1.132617,-0.180906,1.001750,0.807389,-0.452932,-0.873314,-1.024895,0.871983,0.859791
79,diverged,,0.000000,,0.000000,0.000000,0.000000,0.000000,0.000000,0.000000,0.000000,0.000000,-0.027861,0.348980,0.902748,-0.671216,0.490939,-0.296045,-0.923502,-1.065255,-0.674245,-0.233565,0.662757,-0.838365
80,diverged,,0.000000,,0.000000,0.000000,0.000000,0.000000,0.000000,0.000000,0.000000,0.000000,1.076297,-0.878719,0.542371,1.022292,-0.994451,-0.104073,0.053569,0.153232,0.254882,-1.036955,-0.845578,-0.661141
81,diverged,,0.000000,,0.000000,0.000000,0.000000,0.000000,0.000000,0.000000,0.000000,0.000000,0.647414,0.563365,0.097694,-0.721038,0.365929,0.569939,-0.918172,0.842348,-0.847515,0.906639,-0.499117,0.532875
82,diverged,,0.000000,,0.000000,0.000000,0.000000,0.000000,0.000000,0.000000,0.000000,0.000000,-0.543530,-1.077706,-0.402164,-0.230954,0.094946,-0.176918,0.549827,-0.541261,-0.645247,0.242197,0.665918,0.668173
83,collapsed,,0.000000,-0.510400,0.000000,0.000000,0.000000,0.000000,-0.876038,-0.876038,0.259219,0.259219,-0.741147,-0.197274,-0.230843,-0.308181,-0.509563,-1.018631,0.560362,0.436285,0.315239,0.862396,0.228155,-0.359763
84,nonchaotic,,0.000000,0.016075,0.095000,1.677448,1.186096,0.707084,-2.092704,-0.415255,-0.639847,0.546250,-0.667542,0.711404,0.050014,-1.005585,0.572659,0.229939,-0.681998,-0.584403,-0.047896,-1.057730,-1.121691,0.173475
85,collapsed,,0.000000,-1.359877,0.000000,0.000000,0.000000,0.000000,0.486750,0.486750,-0.324467,-0.324467,0.560946,0.597694,-1.085938,-0.833626,0.441125,-0.915329,-0.006535,-0.918152,0.917129,0.819561,-0.475995,-1.076379
86,diverged,,0.000000,,0.000000,0.000000,0.000000,0.000000,0.000000,0.000000,0.000000,0.000000,-0.589315,-1.023953,0.261400,0.841042,0.570387,-0.890471,0.809353,-1.034745,-0.245544,-0.297799,-0.098997,-0.077662
87,diverged,,0.000000,,0.000000,0.000000,0.000000,0.000000,0.000000,0.000000,0.000000,0.000000,-0.581191,0.028172,0.392437,0.682532,-0.273886,1.120090,0.277046,-0.634382,0.102029,-0.983319,0.498153,0.343780
88,nonchaotic,,0.000000,0.000011,0.096250,0.729037,0.803602,0.907211,-0.789699,-0.060663,-0.447874,0.355729,-0.759312,-0.826285,0.270935,0.670785,0.955716,-0.526077,-0.462780,-0.299570,0.524053,0.073737,-0.201888,1.016925
89,diverged,,0.000000,,0.000000,0.000000,0.000000,0.000000,0.000000,0.000000,0.000000,0.000000,-0.633967,0.030786,-0.020836,1.036698,1.029222,0.212817,-0.967304,-0.347220,-0.819568,0.870365,1.126295,-0.583988
90,diverged,,0.000000,,0.000000,0.000000,0.000000,0.000000,0.000000,0.000000,0.000000,0.000000,-0.267503,-1.015246,-1.166452,0.163289,-0.273977,-0.802348,0.760974,-0.360655,-0.228263,-0.587653,0.193492,-1.172450
91,diverged,,0.000000,,0.000000,0.000000,0.000000,0.000000,0.000000,0.000000,0.000000,0.000000,-0.432430,-0.814723,0.871569,-0.647080,-0.564802,-0.787328,0.772488,0.157961,-0.509315,-0.422024,0.686632,0.501315
92,diverged,,0.000000,,0.000000,0.000000,0.000000,0.000000,0.000000,0.000000,0.000000,0.000000,-0.553137,0.903720,0.760057,1.083000,0.806139,-0.791805,-0.136628,-0.546755,-0.518528,-0.630308,0.673095,0.669278
93,diverged,,0.000000,,0.000000,0.000000,0.000000,0.000000,0.000000,0.000000,0.000000,0.000000,1.137869,1.076960,0.262217,-0.527607,-0.330664,0.951160,-0.951373,-0.156188,-0.345070,-0.371121,0.486856,1.080074
94,nonchaotic,,0.000000,0.000101,0.085625,1.054996,0.659965,0.625561,-0.566250,0.488746,0.100629,0.760594,-0.615148,-0.922780,1.004359,-1.022249,0.623866,0.336600,0.524158,-0.391218,0.010412,-0.037525,0.145140,-0.597268
95,collapsed,,0.000000,-0.289371,0.002500,0.830323,0.218128,0.262703,-1.100490,-0.270167,-0.595311,-0.377182,-0.652793,0.612564,1.104593,-0.454193,-0.172595,-1.107592,-0.514177,-0.214794,-0.537584,0.817060,0.002195,-0.033580
96,collapsed,,0.000000,-0.267698,0.000000,0.000000,0.000000,0.000000,-0.602152,-0.602152,0.460492,0.460492,-0.398292,0.506950,0.354324,-0.821720,-1.054385,1.087522,0.373719,0.164113,1.135838,0.283416,-0.439908,0.258970
97,diverged,,0.000000,,0.000000,0.000000,0.000000,0.000000,0.000000,0.000000,0.000000,0.000000,0.744905,0.108690,-0.309551,1.152224,0.777279,-1.087010,-1.121352,-0.954125,-1.006403,-0.868026,0.820050,1.131174
98,diverged,,0.000000,,0.000000,0.000000,0.000000,0.000000,0.000000,0.000000,0.000000,0.000000,-0.527082,-0.722626,0.298613,-0.073505,-0.675381,0.086034,-0.193517,0.596358,0.249957,0.734876,0.993859,-0.933278
99,diverged,,0.000000,,0.000000,0.000000,0.000000,0.000000,0.000000,0.000000,0.000000,0.000000,-1.020114,0.193623,0.119211,-0.287733,0.450081,0.490063,0.101966,-0.306673,1.147937,0.560859,0.667039,-0.114722
100,diverged,,0.000000,,0.000000,0.000000,0.000000,0.000000,0.000000,0.000000,0.000000,0.000000,1.162923,0.882127,0.823949,-0.938977,0.252587,-0.586731,-0.145191,-1.050710,0.621015,-0.490930,-0.433950,0.857432
101,diverged,,0.000000,,0.000000,0.000000,0.000000,0.000000,0.000000,0.000000,0.000000,0.000000,0.753001,0.931281,0.361899,-0.338618,0.367494,-0.213211,0.042413,-0.493795,0.608259,-0.717868,1.038323,0.967965
102,collapsed,,0.000000,-0.210316,0.003125,1.137610,0.425919,0.374398,-0.115479,1.022131,-0.592333,-0.166414,0.424772,0.152532,-1.088771,-0.621465,-0.747045,0.507194,-0.537448,-0.306483,0.428917,-1.138414,0.581327,0.816836
103,nonchaotic,,0.000000,0.000107,0.095000,0.659009,0.759097,0.868149,0.056191,0.715200,-0.106281,0.652816,0.485152,-0.227140,-0.446809,0.706975,1.023276,-1.122515,0.776487,-0.946143,-0.280307,0.687244,-0.748046,0.187433
104,diverged,,0.000000,,0.000000,0.000000,0.000000,0.000000,0.000000,0.000000,0.000000,0.000000,-0.687246,-0.807988,-0.173421,-0.168753,0.266988,-1.024261,-1.104647,1.069416,-0.771924,0.702276,1.180741,-0.736041
105,diverged,,0.000000,,0.000000,0.000000,0.000000,0.000000,0.000000,0.000000,0.000000,0.000000,0.372774,0.622899,0.544395,0.302480,0.880618,-0.688174,-0.414146,-0.936713,0.384930,1.173574,0.681220,0.985125
106,diverged,,0.000000,,0.000000,0.000000,0.000000,0.000000,0.000000,0.000000,0.000000,0.000000,0.969653,0.892215,0.139078,-0.999345,0.834891,-0.276332,-0.049597,-1.010525,1.027206,-0.072666,-0.461425,-0.733791
107,diverged,,0.000000,,0.000000,0.000000,0.000000,0.000000,0.000000,0.000000,0.000000,0.000000,-0.592145,0.945899,0.408828,-0.332893,-0.931504,-0.481333,1.082946,0.544063,-0.881666,-0.121008,-0.899101,-0.857311
108,diverged,,0.000000,,0.000000,0.000000,0.000000,0.000000,0.000000,0.000000,0.000000,0.000000,-0.463893,0.823415,-0.301824,0.829869,-0.238510,0.080809,0.054709,1.073457,0.380213,0.285704,-1.017566,0.231212
109,collapsed,,0.000000,-0.162677,0.000000,0.000000,0.000000,0.000000,-0.506217,-0.506217,0.129180,0.129180,-0.998832,-0.962701,-0.142309,0.895292,0.645000,1.016988,0.484149,0.927580,0.963549,-0.089692,-1.105480,0.276468
110,diverged,,0.000000,,0.000000,0.000000,0.000000,0.000000,0.000000,0.000000,0.000000,0.000000,-0.492391,0.666144,-0.513426,-0.317969,1.106713,-0.341157,-0.576828,1.081931,0.379614,-0.645957,1.171936,-0.454878
111,diverged,,0.000000,,0.000000,0.000000,0.000000,0.000000,0.000000,0.000000,0.000000,0.000000,-0.719795,-0.222311,1.145097,0.456335,0.618026,-0.862287,-1.111865,-0.860837,0.649752,-0.789927,1.007873,-1.137595
112,diverged,,0.000000,,0.000000,0.000000,0.000000,0.000000,0.000000,0.000000,0.000000,0.000000,1.078056,0.188473,-0.221919,0.348651,-0.781609,-0.885961,0.216643,0.152335,1.186120,0.894909,-0.308000,0.153782
113,collapsed,,0.000000,-0.634475,0.000000,0.000000,0.000000,0.000000,-1.141122,-1.141122,-0.700927,-0.700927,-0.579725,0.933242,0.660650,0.683069,0.884428,-0.576340,-0.789843,-0.061880,0.216157,1.044766,1.093992,-0.675778
114,diverged,,0.000000,,0.000000,0.000000,0.000000,0.000000,0.000000,0.000000,0.000000,0.000000,-0.235586,0.337455,0.945727,-0.705652,0.174375,-0.864691,0.629583,0.795914,-0.827411,0.150387,0.031073,1.124480
115,collapsed,,0.000000,-0.596241,0.003125,1.008555,0.765727,0.759231,-0.413340,0.595215,-0.115243,0.650484,-0.140814,-0.424853,0.178213,-0.548961,1.070147,0.217292,0.114104,-0.891266,0.999446,1.108553,-1.084527,1.141627
116,diverged,,0.000000,,0.000000,0.000000,0.000000,0.000000,0.000000,0.000000,0.000000,0.000000,0.589728,1.182577,-0.730214,-0.954579,0.576695,0.194132,1.059283,1.108178,-0.140651,-0.884977,0.215076,-1.107016
117,diverged,,0.000000,,0.000000,0.000000,0.000000,0.000000,0.000000,0.000000,0.000000,0.000000,-0.293046,0.217255,0.288702,-0.197269,-1.071161,0.283587,0.354482,0.851959,-0.692096,1.151416,-0.215558,0.932894
118,diverged,,0.000000,,0.000000,0.000000,0.000000,0.000000,0.000000,0.000000,0.000000,0.000000,0.633376,0.217662,0.830274,0.880657,-0.787010,-0.967371,-0.171980,-0.388424,0.005934,0.632224,0.565160,-0.765965
119,diverged,,0.000000,,0.000000,0.000000,0.000000,0.000000,0.000000,0.000000,0.000000,0.000000,-0.404944,-0.757868,-0.761130,0.663790,-0.096177,-0.887632,-0.434705,-0.251931,1.079185,-0.561716,-1.174330,-0.150259
120,collapsed,,0.000000,-0.050242,0.005625,1.209100,0.550665,0.455434,-0.086388,1.122712,0.042544,0.593209,0.885247,-0.908687,-0.962064,0.933221,0.963231,0.632334,0.619658,0.165421,-0.911673,1.170088,-0.081372,-0.957816
121,diverged,,0.000000,,0.000000,0.000000,0.000000,0.000000,0.000000,0.000000,0.000000,0.000000,-0.208506,-0.573335,-0.407011,-0.900174,0.653193,0.437420,-0.826048,1.051144,-0.631850,0.993283,-0.314929,0.901502
122,diverged,,0.000000,,0.000000,0.000000,0.000000,0.000000,0.000000,0.000000,0.000000,0.000000,1.138468,0.030095,-1.180375,-0.386830,-0.738005,-0.634417,0.680892,-0.916069,-0.778636,-0.646087,-1.090419,0.228555
123,diverged,,0.000000,,0.000000,0.000000,0.000000,0.000000,0.000000,0.000000,0.000000,0.000000,-0.826199,1.079967,-0.372257,1.196086,0.284252,-0.227285,0.875617,0.136810,0.458791,0.638848,0.487743,0.204890
124,diverged,,0.000000,,0.000000,0.000000,0.000000,0.000000,0.000000,0.000000,0.000000,0.000000,-1.023131,-0.095130,1.122624,-0.498050,-0.415362,-0.663856,0.231196,1.004811,1.010210,-0.235897,-0.693681,1.052726
125,diverged,,0.000000,,0.000000,0.000000,0.000000,0.000000,0.000000,0.000000,0.000000,0.000000,-0.069540,-0.514139,-0.556974,0.436997,1.022891,-0.936179,0.847561,-0.988477,-0.527290,1.132082,0.335218,0.702195
126,diverged,,0.000000,,0.000000,0.000000,0.000000,0.000000,0.000000,0.000000,0.000000,0.000000,0.322123,-0.272294,0.831560,-0.704103,-0.201992,-0.242644,-0.985053,0.906544,-0.829435,0.577103,-1.009377,0.235476
127,diverged,,0.000000,,0.000000,0.000000,0.000000,0.000000,0.000000,0.000000,0.000000,0.000000,-0.153976,-0.990508,-0.655088,0.029189,0.148223,0.845943,-0.115650,0.084196,-0.491277,-0.781705,0.422558,-0.853963
128,diverged,,0.000000,,0.000000,0.000000,0.000000,0.000000,0.000000,0.000000,0.000000,0.000000,-0.583792,0.556817,-0.631997,0.348375,-0.930955,-1.150355,0.236373,0.586170,0.509599,0.890166,0.865387,0.129330
129,collapsed,,0.000000,-0.502757,0.000000,0.000000,0.000000,0.000000,0.201422,0.201422,-0.669505,-0.669505,0.209657,-0.344130,-0.312823,-0.922135,-0.160163,-0.352069,-0.963916,0.896718,-1.002489,-0.752701,0.128663,0.310327
130,diverged,,0.000000,,0.000000,0.000000,0.000000,0.000000,0.000000,0.000000,0.000000,0.000000,0.290055,-0.354345,0.048790,-0.668857,0.507391,0.337016,-0.298421,0.588345,1.149522,0.182227,1.098530,-0.510041
131,diverged,,0.000000,,0.000000,0.000000,0.000000,0.000000,0.000000,0.000000,0.000000,0.000000,-0.141606,0.581737,-0.046980,0.966130,0.037855,-0.857981,0.829708,0.194994,-1.066008,-0.951216,0.949825,0.634994
132,diverged,,0.000000,,0.000000,0.000000,0.000000,0.000000,0.000000,0.000000,0.000000,0.000000,-0.569729,0.377193,-0.179978,0.756059,0.881559,-0.678892,-0.687201,1.185617,-1.145903,-0.545978,0.698863,-0.601794
133,diverged,,0.000000,,0.000000,0.000000,0.000000,0.000000,0.000000,0.000000,0.000000,0.000000,-0.049318,-0.304945,-0.505333,1.173688,1.063916,-0.422917,0.336651,-0.922597,-0.360784,-0.745637,1.109898,0.742234
134,diverged,,0.000000,,0.000000,0.000000,0.000000,0.000000,0.000000,0.000000,0.000000,0.000000,-0.584713,0.795050,-0.651886,-0.652133,-0.214376,-0.379329,-0.021100,1.022427,-1.147789,-0.789927,-0.508126,-0.850459
135,collapsed,,0.000000,-0.135511,0.000000,0.000000,0.000000,0.000000,0.865338,0.865338,-0.142278,-0.142278,0.988776,0.713612,-0.990478,-0.573430,0.629002,0.969160,-0.503181,0.412222,0.104297,1.033937,-0.375484,-0.001683
136,diverged,,0.000000,,0.000000,0.000000,0.000000,0.000000,0.000000,0.000000,0.000000,0.000000,-0.290582,0.382207,-0.590487,-0.604134,0.623884,-0.746836,0.922946,-0.644379,0.059807,-0.120919,0.013373,-0.058494
137,nonchaotic,,0.000000,-0.000149,0.096250,0.896385,0.780112,0.870286,0.189757,1.086142,-0.228290,0.551821,0.377285,-0.629846,1.004072,0.913281,0.578673,0.527301,0.720935,-1.103795,0.210029,-0.859151,0.449087,-0.619126
138,diverged,,0.000000,,0.000000,0.000000,0.000000,0.000000,0.000000,0.000000,0.000000,0.000000,1.076902,0.271319,0.665871,0.416943,-0.364464,-1.153837,0.962578,0.887969,-0.343922,-1.037081,-0.380240,0.110387
139,collapsed,,0.000000,-0.124849,0.001250,1.008648,0.825099,0.818025,-0.592990,0.415658,-0.055275,0.769823,-0.504416,-0.185439,-0.270598,-1.114699,-0.128330,0.835595,0.501446,0.681179,0.056877,-0.223229,0.477669,-1.084007
140,diverged,,0.000000,,0.000000,0.000000,0.000000,0.000000,0.000000,0.000000,0.000000,0.000000,0.073905,-0.182799,-0.115894,-0.520060,-0.845007,0.961158,-0.975947,0.765963,0.150028,0.152516,-0.388042,1.101849
141,diverged,,0.000000,,0.000000,0.000000,0.000000,0.000000,0.000000,0.000000,0.000000,0.000000,0.911449,1.006140,0.242274,0.526615,0.244400,0.087936,-0.330302,-0.552325,1.075820,-0.195243,-0.907645,0.004762
142,diverged,,0.000000,,0.000000,0.000000,0.000000,0.000000,0.000000,0.000000,0.000000,0.000000,-0.953586,-0.119799,0.198247,-1.148603,-0.002189,-0.379743,1.183519,0.779833,0.930572,-0.976762,-0.079012,0.800296
143,collapsed,,0.000000,-0.237467,0.000000,0.000000,0.000000,0.000000,0.092023,0.092023,0.110545,0.110545,0.123866,-0.773406,-0.251224,-0.020653,0.410587,-0.304559,0.029171,-0.019900,-0.099864,-0.914116,0.965504,-1.095037
144,diverged,,0.000000,,0.000000,0.000000,0.000000,0.000000,0.000000,0.000000,0.000000,0.000000,1.097042,1.098912,-0.748981,0.040031,-0.926147,0.512598,-1.052550,-0.277403,1.046398,-0.093432,-0.770952,-1.047273
145,diverged,,0.000000,,0.000000,0.000000,0.000000,0.000000,0.000000,0.000000,0.000000,0.000000,-0.638027,-0.412445,-1.076298,-0.216178,0.915637,1.013592,0.947294,-0.622315,1.104858,-0.452497,-1.034138,-0.612571
146,diverged,,0.000000,,0.000000,0.000000,0.000000,0.000000,0.000000,0.000000,0.000000,0.000000,0.824966,0.488649,1.179043,-1.071061,-0.551300,-0.110563,-0.693450,0.118183,0.815145,-0.259943,-0.192238,-1.086675
147,nonchaotic,,0.000000,-0.000100,0.092500,0.414551,0.563792,0.735291,-1.005516,-0.590966,0.516241,1.080032,-0.961617,-0.795164,-0.565573,0.435316,0.830484,-0.666162,0.669475,-0.926730,-0.947150,0.546633,-0.386170,0.989637
148,diverged,,0.000000,,0.000000,0.000000,0.000000,0.000000,0.000000,0.000000,0.000000,0.000000,0.539945,-0.115600,-0.340276,0.544138,0.257993,-1.059571,-0.865263,0.295993,-0.520671,0.860080,0.941790,0.406257
149,collapsed,,0.000000,-0.182476,0.000000,0.000000,0.000000,0.000000,-0.641816,-0.641816,-0.817175,-0.817175,-0.515702,-0.667935,0.557243,-0.901915,0.953370,0.700464,-0.439763,0.154836,0.069242,-0.045824,-0.085748,-0.528016
150,diverged,,0.000000,,0.000000,0.000000,0.000000,0.000000,0.000000,0.000000,0.000000,0.000000,-0.890126,-0.547020,0.392843,0.870852,-0.187211,-0.120419,-0.726716,-0.932252,0.432929,0.362190,0.647865,0.809737
151,diverged,,0.000000,,0.000000,0.000000,0.000000,0.000000,0.000000,0.000000,0.000000,0.000000,0.865435,0.677465,-1.097803,-0.344786,-0.412305,-1.106239,-0.752859,-0.799835,-0.718461,0.391485,0.190291,-1.082762
152,diverged,,0.000000,,0.000000,0.000000,0.000000,0.000000,0.000000,0.000000,0.000000,0.000000,0.772740,0.309856,0.414346,0.777860,-0.527160,0.863922,0.897405,-0.813995,0.416505,0.755228,0.506996,-0.102804
153,diverged,,0.000000,,0.000000,0.000000,0.000000,0.000000,0.000000,0.000000,0.000000,0.000000,0.195314,-0.326672,0.210281,0.162221,-0.964082,-0.735769,0.835649,0.215475,0.377675,0.852929,0.929135,-0.296584
154,diverged,,0.000000,,0.000000,0.000000,0.000000,0.000000,0.000000,0.000000,0.000000,0.000000,-0.982773,0.348925,0.576261,-0.090019,0.560428,0.376894,-1.119282,-0.515792,0.205927,0.740569,-0.909530,1.043352
155,diverged,,0.000000,,0.000000,0.000000,0.000000,0.000000,0.000000,0.000000,0.000000,0.000000,-0.282381,0.614617,0.896779,-0.756793,-0.772253,-0.273257,-1.171205,0.721189,-0.120919,-0.815539,-0.650180,-0.781103
156,nonchaotic,,0.000000,-0.000012,0.094375,0.337587,0.696988,0.484351,-0.104038,0.233549,0.689914,1.386901,-0.320805,-0.996345,-0.866486,0.825945,0.357665,0.027583,0.907477,-0.996200,-0.394203,-1.027699,0.634600,-0.355337
157,accepted,,0.017961,0.191580,0.093750,1.967529,1.807620,0.918726,-1.134848,0.832681,-1.012850,0.794770,0.533792,0.210463,-0.396256,-0.956833,1.066001,-1.185565,0.404018,-0.138770,0.587471,0.691914,-1.170539,-0.728952
158,diverged,,0.000000,,0.000000,0.000000,0.000000,0.000000,0.000000,0.000000,0.000000,0.000000,-1.025177,-0.393573,-0.350524,1.174816,0.497365,0.590605,-0.949056,0.975961,1.095366,-1.054589,-0.302986,-0.022723
159,diverged,,0.000000,,0.000000,0.000000,0.000000,0.000000,0.000000,0.000000,0.000000,0.000000,-1.153001,0.345211,-0.555741,0.156734,-0.771554,0.983577,-0.236417,0.005847,-0.769706,0.369381,-0.855732,-0.959357
160,collapsed,,0.000000,-0.702732,0.000000,0.000000,0.000000,0.000000,-0.596016,-0.596016,0.464402,0.464402,-1.114708,-1.079863,0.476392,0.648829,0.043208,-0.624245,0.971825,1.066133,-0.967614,-0.331365,0.599621,0.470886
161,diverged,,0.000000,,0.000000,0.000000,0.000000,0.000000,0.000000,0.000000,0.000000,0.000000,-0.483671,0.713705,-0.146861,0.235891,0.983193,-0.665057,0.429143,-0.451039,-0.923415,-0.303425,-0.803429,-0.217982
162,diverged,,0.000000,,0.000000,0.000000,0.000000,0.000000,0.000000,0.000000,0.000000,0.000000,-0.634988,-0.033411,0.952245,0.109807,-0.583974,-0.836028,0.680588,-0.602509,-0.339354,-0.852846,-0.967244,-0.246211
163,diverged,,0.000000,,0.000000,0.000000,0.000000,0.000000,0.000000,0.000000,0.000000,0.000000,-0.758476,0.590591,0.546128,1.191374,0.641680,-0.434734,0.934897,0.174951,0.741117,0.754808,0.382663,-1.162964
164,collapsed,,0.000000,-0.081353,0.000000,0.000000,0.000000,0.000000,0.055002,0.055002,0.724552,0.724552,-0.488959,-0.905800,-1.183850,-0.130602,0.800172,0.043436,0.562323,-0.814932,-1.096098,-0.468391,0.392782,-0.105826
165,diverged,,0.000000,,0.000000,0.000000,0.000000,0.000000,0.000000,0.000000,0.000000,0.000000,0.965674,-0.195702,0.326854,1.152159,-1.179256,1.185985,0.012852,-0.105682,1.025505,-0.427762,0.456596,-0.573046
166,diverged,,0.000000,,0.000000,0.000000,0.000000,0.000000,0.000000,0.000000,0.000000,0.000000,-0.562496,-0.868810,-0.466440,0.904988,0.819001,1.094798,-0.527429,-0.333724,-0.408018,0.535239,-0.070555,-0.677808
167,diverged,,0.000000,,0.000000,0.000000,0.000000,0.000000,0.000000,0.000000,0.000000,0.000000,0.865503,0.920245,-0.645527,0.070630,1.054916,-0.996171,1.178147,0.930008,0.767432,0.737264,1.068174,-0.578189
168,diverged,,0.000000,,0.000000,0.000000,0.000000,0.000000,0.000000,0.000000,0.000000,0.000000,0.801655,0.549881,-0.273364,0.113460,0.528474,-0.623929,-0.559340,-0.524653,1.106160,0.100982,-0.200916,1.080388
169,collapsed,,0.000000,-0.499461,0.000000,0.000000,0.000000,0.000000,-1.113860,-1.113860,-1.187633,-1.187633,-0.236496,1.063511,0.938958,0.802372,1.154206,-0.388780,-1.060223,0.268104,0.800216,0.999314,1.068107,-0.620378
170,diverged,,0.000000,,0.000000,0.000000,0.000000,0.000000,0.000000,0.000000,0.000000,0.000000,-0.747661,-0.639819,-0.379459,-0.239223,0.866469,0.686865,0.788234,-0.471931,0.449317,0.161438,-0.738191,-0.349572
171,diverged,,0.000000,,0.000000,0.000000,0.000000,0.000000,0.000000,0.000000,0.000000,0.000000,-1.048193,-0.284938,-1.016161,0.735969,0.908767,0.654441,-0.595125,-0.303878,0.363761,-0.463639,0.647939,-0.483449
172,accepted,3,0.051242,0.116294,0.440625,0.928789,0.920838,0.991439,-0.196483,0.732307,-0.846264,0.074574,0.045546,-0.974263,-0.457827,-0.002623,-0.635266,0.345553,-0.622914,-0.276995,1.016600,-0.849505,0.879086,0.889864
173,diverged,,0.000000,,0.000000,0.000000,0.000000,0.000000,0.000000,0.000000,0.000000,0.000000,0.805991,0.599704,-1.144748,0.304653,-0.511859,-0.783931,-1.191836,-0.693640,-0.960910,-0.126169,-1.118029,-0.892117
174,collapsed,,0.000000,-0.626612,0.000000,0.000000,0.000000,0.000000,-0.180140,-0.180140,-0.989061,-0.989061,-0.499405,0.660768,0.124688,0.686234,-1.198811,-0.893146,-0.404627,-0.539911,-1.123912,0.572263,0.995354,0.242561
175,diverged,,0.000000,,0.000000,0.000000,0.000000,0.000000,0.000000,0.000000,0.000000,0.000000,-0.628312,0.147775,0.491669,-0.825799,-0.157280,-1.021534,-0.181516,0.466964,-1.136250,-0.686644,0.086627,-0.015479
176,diverged,,0.000000,,0.000000,0.000000,0.000000,0.000000,0.000000,0.000000,0.000000,0.000000,-0.221888,-0.553746,0.227301,-0.471012,-0.989320,1.165675,0.560874,-0.207906,0.885714,-0.945617,-1.128117,0.057127
177,diverged,,0.000000,,0.000000,0.000000,0.000000,0.000000,0.000000,0.000000,0.000000,0.000000,-0.621196,-0.779447,0.118432,-0.567276,-0.359151,0.295763,0.934005,0.145353,0.792766,0.995751,0.114637,1.076396
178,diverged,,0.000000,,0.000000,0.000000,0.000000,0.000000,0.000000,0.000000,0.000000,0.000000,0.223132,-0.837076,0.754857,1.154645,0.939942,-0.608608,1.133077,0.531481,0.933589,0.612413,0.486944,-1.105843
179,nonchaotic,,0.000000,0.000336,0.093750,0.466998,0.247688,0.530384,-0.863466,-0.396468,0.439954,0.687642,-0.055656,-0.050897,0.279110,-0.167058,-0.867478,-0.821344,0.289949,-0.979804,-1.145975,0.028053,0.888174,-0.941678
180,diverged,,0.000000,,0.000000,0.000000,0.000000,0.000000,0.000000,0.000000,0.000000,0.000000,0.423838,-0.105436,0.532804,-0.163223,0.833378,-0.554416,0.035233,0.882152,-0.504768,0.105637,-0.443643,0.231151
181,diverged,,0.000000,,0.000000,0.000000,0.000000,0.000000,0.000000,0.000000,0.000000,0.000000,0.717451,0.809192,-0.620161,0.448553,1.032903,-0.263431,-0.878586,0.400145,-1.037266,0.969277,0.023919,0.100220
182,diverged,,0.000000,,0.000000,0.000000,0.000000,0.000000,0.000000,0.000000,0.000000,0.000000,-1.046158,0.272351,-0.433770,0.468856,0.136494,-0.504217,0.140844,-0.888117,-0.119113,0.595599,-1.102164,0.876785
183,diverged,,0.000000,,0.000000,0.000000,0.000000,0.000000,0.000000,0.000000,0.000000,0.000000,-1.039119,-0.765699,1.004166,0.555934,-0.615127,1.091138,-0.252803,1.047243,0.580562,-0.289220,0.631572,0.533878
184,diverged,,0.000000,,0.000000,0.000000,0.000000,0.000000,0.000000,0.000000,0.000000,0.000000,-0.328329,1.077311,-1.097876,-0.484947,0.154070,0.126353,-0.164378,-0.841899,-0.278077,0.633845,-0.759987,0.820098
185,diverged,,0.000000,,0.000000,0.000000,0.000000,0.000000,0.000000,0.000000,0.000000,0.000000,0.526443,-0.273981,0.967615,0.701558,-0.629625,0.651809,-0.680990,-0.719992,1.146646,0.868798,-1.198171,0.485313
186,collapsed,,0.000000,-0.167558,0.000000,0.000000,0.000000,0.000000,0.479273,0.479273,-0.164077,-0.164077,0.817304,-0.453960,-0.243755,0.876934,0.062023,0.544864,-0.265786,0.320525,-0.330609,-0.192001,-0.104041,-0.302253
187,collapsed,,0.000000,-0.218718,0.000000,0.000000,0.000000,0.000000,0.105377,0.105377,0.186401,0.186401,0.248601,0.357253,-0.877699,0.108980,-0.766042,-0.877042,0.094705,0.611685,-1.043674,0.959808,0.166969,-0.320865
188,collapsed,,0.000000,-0.704925,0.000000,0.000000,0.000000,0.000000,-0.388698,-0.388698,0.285464,0.285464,-0.439162,0.321148,0.039124,0.307310,0.798883,-0.301523,0.152246,-0.672212,1.080138,0.313033,-0.657241,-0.845644
189,diverged,,0.000000,,0.000000,0.000000,0.000000,0.000000,0.000000,0.000000,0.000000,0.000000,-0.814857,1.163686,-1.084252,-1.022663,1.196365,-1.027808,0.843138,0.625328,0.824369,-0.571027,0.886077,0.701533
190,diverged,,0.000000,,0.000000,0.000000,0.000000,0.000000,0.000000,0.000000,0.000000,0.000000,1.126210,-1.089387,-0.635224,-0.094888,0.689956,1.146612,0.764197,0.695552,-0.769804,0.606496,-0.617450,-0.137263
191,diverged,,0.000000,,0.000000,0.000000,0.000000,0.000000,0.000000,0.000000,0.000000,0.000000,0.093809,-0.625098,-0.305932,-1.195748,-0.065403,0.526771,0.478828,0.160024,0.661669,1.135346,0.796434,-0.085955
192,collapsed,,0.000000,-0.241293,0.003750,0.369530,1.684623,0.219355,0.360734,0.730265,-0.968906,0.715717,0.557206,-0.462508,1.073007,-0.620036,-0.069582,-0.111405,0.600505,-0.684787,0.576154,-0.110115,-1.089962,-1.052086
193,diverged,,0.000000,,0.000000,0.000000,0.000000,0.000000,0.000000,0.000000,0.000000,0.000000,0.101904,0.475248,0.941951,1.168295,-0.020840,1.085777,0.916592,0.584126,-0.799325,1.017673,0.737800,-0.036710
194,collapsed,,0.000000,-0.095678,0.000000,0.000000,0.000000,0.000000,-0.314130,-0.314130,-0.254217,-0.254217,-0.309845,0.094933,1.067637,-0.409188,0.087531,-0.385095,-0.727646,-0.611595,0.700637,0.322016,-0.807622,-0.291742
195,collapsed,,0.000000,-0.006189,0.003750,1.170806,0.306010,0.261367,-0.365381,0.805425,0.405473,0.711483,-0.159001,-0.689480,-0.832676,1.163120,0.853996,0.991358,0.617423,-0.464884,0.568607,0.471922,0.287237,-1.039836
196,diverged,,0.000000,,0.000000,0.000000,0.000000,0.000000,0.000000,0.000000,0.000000,0.000000,1.071834,-0.032208,1.180233,-0.409769,0.472617,0.120494,1.199808,-0.434095,0.541941,-0.477968,0.578917,-0.372120
197,diverged,,0.000000,,0.000000,0.000000,0.000000,0.000000,0.000000,0.000000,0.000000,0.000000,-0.866441,0.620272,-1.113717,0.297713,0.025268,0.720706,-0.380146,0.542333,0.141138,-0.813954,-0.573872,0.684130
198,diverged,,0.000000,,0.000000,0.000000,0.000000,0.000000,0.000000,0.000000,0.000000,0.000000,-1.085014,1.052884,-1.029333,-0.131738,-0.807917,0.266832,-0.824678,0.681677,0.252995,0.509738,-0.079000,0.091245
199,diverged,,0.000000,,0.000000,0.000000,0.000000,0.000000,0.000000,0.000000,0.000000,0.000000,0.053838,0.032880,0.217898,-1.019730,0.068117,0.636688,0.732045,0.465918,0.902744,0.880675,0.493462,0.157597
200,diverged,,0.000000,,0.000000,0.000000,0.000000,0.000000,0.000000,0.000000,0.000000,0.000000,0.958836,0.263169,0.510563,0.230258,0.582360,0.443222,0.780325,0.762839,-0.194798,-0.177673,-0.532491,-0.870563
201,diverged,,0.000000,,0.000000,0.000000,0.000000,0.000000,0.000000,0.000000,0.000000,0.000000,-0.530332,0.088918,-1.085188,-0.723786,-0.388747,-0.135127,0.392114,-0.133401,-0.705173,0.438942,-0.268739,0.472875
202,collapsed,,0.000000,-0.384094,0.000000,0.000000,0.000000,0.000000,-0.009163,-0.009163,0.263081,0.263081,-0.201647,0.692593,-0.205783,-0.719087,0.974758,-0.857176,0.521640,-0.892396,-1.164218,0.183795,-0.977120,-0.131974
203,diverged,,0.000000,,0.000000,0.000000,0.000000,0.000000,0.000000,0.000000,0.000000,0.000000,0.941583,-0.276707,0.743467,0.068142,0.053973,-0.803400,-0.537330,-1.116167,-0.909383,0.659378,-0.694066,1.123245
204,diverged,,0.000000,,0.000000,0.000000,0.000000,0.000000,0.000000,0.000000,0.000000,0.000000,0.182351,-0.152402,0.531842,0.609830,0.149745,-0.388095,-1.028840,1.127226,-0.221285,0.712143,-1.058200,-0.912919
205,diverged,,0.000000,,0.000000,0.000000,0.000000,0.000000,0.000000,0.000000,0.000000,0.000000,-0.822045,0.858104,-1.003705,0.150968,-0.412850,0.762271,0.690312,-0.095054,0.120861,-0.912420,-0.046274,0.757978
206,diverged,,0.000000,,0.000000,0.000000,0.000000,0.000000,0.000000,0.000000,0.000000,0.000000,0.385495,0.174450,0.005641,0.728425,-0.518414,-0.771501,-0.232217,0.714761,-0.510010,0.525948,0.607150,-1.095631
207,accepted,,0.007187,0.040066,0.179375,0.844436,2.053550,0.411208,-0.456030,0.388406,-1.188234,0.865316,-0.286657,-0.734492,0.776601,-0.315272,0.210382,0.646684,-1.016069,0.664828,0.220135,-0.821958,-0.545300,0.898644
208,diverged,,0.000000,,0.000000,0.000000,0.000000,0.000000,0.000000,0.000000,0.000000,0.000000,0.720920,0.847571,-0.344538,0.862884,-0.469484,0.449803,0.819958,-0.073212,-1.171966,-0.331383,1.156197,1.035730
209,diverged,,0.000000,,0.000000,0.000000,0.000000,0.000000,0.000000,0.000000,0.000000,0.000000,-0.963228,-0.771496,0.918934,-1.147333,0.519058,-0.641691,-0.101150,0.696057,0.713792,-0.030053,-0.754700,-0.209472
210,diverged,,0.000000,,0.000000,0.000000,0.000000,0.000000,0.000000,0.000000,0.000000,0.000000,1.158907,0.190199,0.340381,1.133869,-1.097528,-0.820309,0.440146,0.566862,-0.536178,0.671401,-0.439078,-1.172439
211,diverged,,0.000000,,0.000000,0.000000,0.000000,0.000000,0.000000,0.000000,0.000000,0.000000,0.695725,-0.909973,0.110949,0.755470,-0.560797,0.943279,-0.769866,-0.189282,-1.087342,0.500099,1.188473,0.340236
212,nonchaotic,,0.000000,-0.000208,0.095000,0.396208,0.296215,0.747625,-0.331263,0.064946,-0.554777,-0.258562,0.301090,0.063308,-0.453632,-1.050593,0.365920,-1.096375,-0.581021,-0.312894,0.704559,0.691486,-0.189612,-0.109859
213,diverged,,0.000000,,0.000000,0.000000,0.000000,0.000000,0.000000,0.000000,0.000000,0.000000,-0.680883,-0.136074,-0.214054,-0.253154,0.067963,0.354926,0.764052,1.118077,-0.508563,-0.932418,0.879324,1.079356
214,diverged,,0.000000,,0.000000,0.000000,0.000000,0.000000,0.000000,0.000000,0.000000,0.000000,1.027592,0.284984,0.186885,0.771147,-0.416173,-0.109108,0.444806,-0.895445,-1.063257,-0.826359,1.113337,-0.771580
215,diverged,,0.000000,,0.000000,0.000000,0.000000,0.000000,0.000000,0.000000,0.000000,0.000000,0.991473,0.483091,0.277760,-1.112479,-0.622632,-0.834381,-0.643200,-1.084726,-0.257067,0.743729,-0.294417,-1.055672
216,collapsed,,0.000000,-0.986490,0.000000,0.000000,0.000000,0.000000,1.203831,1.203831,-0.412992,-0.412992,0.921548,0.831488,-0.398400,0.516318,-0.118910,0.388515,-0.963104,0.615933,-0.154669,1.077631,-1.155647,0.535137
217,diverged,,0.000000,,0.000000,0.000000,0.000000,0.000000,0.000000,0.000000,0.000000,0.000000,0.207311,0.406329,-0.827241,-0.102855,0.797793,-1.187571,-1.027928,-0.382597,-0.859276,-0.296473,1.063001,-0.104461
218,accepted,4,0.047730,0.146020,0.326875,1.366838,1.174933,0.859599,-0.324622,1.042216,-0.498451,0.676482,0.325485,-0.161657,-1.176020,0.688499,1.142764,-0.141433,0.541944,0.710879,-1.025948,-1.161374,0.339733,-0.210062
219,diverged,,0.000000,,0.000000,0.000000,0.000000,0.000000,0.000000,0.000000,0.000000,0.000000,-0.171999,0.937673,-0.485138,-0.273316,1.169837,-0.237736,-1.191295,-0.800944,0.150830,0.844679,-0.157390,0.235354
220,diverged,,0.000000,,0.000000,0.000000,0.000000,0.000000,0.000000,0.000000,0.000000,0.000000,1.088382,-0.712797,-0.324856,1.094211,-0.908704,0.387628,0.503036,-0.574274,1.196311,1.096216,-0.989909,-1.110657
221,diverged,,0.000000,,0.000000,0.000000,0.000000,0.000000,0.000000,0.000000,0.000000,0.000000,-0.106360,0.883028,-0.898534,1.018977,0.431799,-1.161030,-0.258775,0.453502,-0.849101,-0.660697,1.086051,-0.468374
222,diverged,,0.000000,,0.000000,0.000000,0.000000,0.000000,0.000000,0.000000,0.000000,0.000000,-0.075836,0.073658,-0.282761,0.704043,0.266101,-0.321120,-0.408976,0.603167,0.365194,1.065580,-0.750909,0.519934
223,diverged,,0.000000,,0.000000,0.000000,0.000000,0.000000,0.000000,0.000000,0.000000,0.000000,-0.642785,-0.846076,-1.194738,0.365088,0.908959,-0.596334,0.202050,-0.205538,1.080944,-0.365532,0.995605,0.292693
224,diverged,,0.000000,,0.000000,0.000000,0.000000,0.000000,0.000000,0.000000,0.000000,0.000000,-0.758877,1.069565,-0.928555,-0.202868,0.816353,0.330983,-0.898264,0.265711,1.187915,0.229621,-0.484711,-0.874938
225,collapsed,,0.000000,-0.800096,0.000000,0.000000,0.000000,0.000000,0.837838,0.837838,-0.300050,-0.300050,0.647225,0.001016,-0.074847,-0.027002,-1.004383,-0.731433,-0.056140,-0.607072,0.312343,0.531810,-0.728810,-0.439025
226,diverged,,0.000000,,0.000000,0.000000,0.000000,0.000000,0.000000,0.000000,0.000000,0.000000,1.063003,0.435070,0.067197,0.592054,-0.487831,0.988378,-0.631733,-0.420890,-0.665041,-0.560976,0.091334,-0.068463
227,diverged,,0.000000,,0.000000,0.000000,0.000000,0.000000,0.000000,0.000000,0.000000,0.000000,-0.797850,0.729285,0.130999,-0.635413,0.878883,0.120203,-0.050152,0.840337,-1.054071,0.748324,-0.512003,-0.177437
228,diverged,,0.000000,,0.000000,0.000000,0.000000,0.000000,0.000000,0.000000,0.000000,0.000000,0.353225,-0.069669,-0.134137,-0.013490,-0.495083,-0.692153,-0.467526,-1.063639,0.146821,-0.462981,0.136096,-0.650131
229,diverged,,0.000000,,0.000000,0.000000,0.000000,0.000000,0.000000,0.000000,0.000000,0.000000,-0.253648,0.907252,0.994668,-0.797468,0.446849,-0.815572,0.461051,1.158402,-0.691278,0.359072,0.132012,-0.925822
230,diverged,,0.000000,,0.000000,0.000000,0.000000,0.000000,0.000000,0.000000,0.000000,0.000000,0.550291,-0.187770,0.459539,-0.874419,-0.108634,-0.215891,0.705424,-0.498120,0.628874,-1.079563,0.508913,1.098103
231,accepted,,0.023294,0.090244,0.258125,1.390186,2.396016,0.580207,-0.758840,0.631346,-1.395225,1.000791,0.059203,-1.076057,-0.134689,-0.780453,-0.292775,-0.040259,0.267000,0.705587,-0.754226,-0.541853,-0.989909,-0.674085
232,diverged,,0.000000,,0.000000,0.000000,0.000000,0.000000,0.000000,0.000000,0.000000,0.000000,-0.062352,0.342439,0.702683,-0.548901,0.619781,-0.975347,-0.529234,1.131371,0.646812,0.219931,-0.101488,-0.825817
233,collapsed,,0.000000,-0.236963,0.000000,0.000000,0.000000,0.000000,-0.061143,-0.061143,0.034974,0.034974,-0.145550,-0.869750,0.488112,-0.064975,0.878414,-1.191920,0.002706,-0.538520,0.986370,0.070573,-0.139315,0.553343
234,diverged,,0.000000,,0.000000,0.000000,0.000000,0.000000,0.000000,0.000000,0.000000,0.000000,1.120886,-1.109444,0.299136,-0.068450,0.671019,-0.238369,0.922286,1.127303,1.082364,0.238235,-0.711905,0.370803
235,accepted,5,0.037647,0.092244,0.408125,1.387277,0.779247,0.561709,0.461097,1.848374,0.146388,0.925635,1.048956,-0.559567,-0.309724,1.092196,0.749140,0.225606,-0.124198,1.188169,-0.984290,1.038284,0.810519,-0.938149
236,diverged,,0.000000,,0.000000,0.000000,0.000000,0.000000,0.000000,0.000000,0.000000,0.000000,-1.092941,0.610926,0.317987,-0.393899,-0.802363,-0.895058,-0.620198,-0.781772,-1.147128,0.005433,-0.480221,0.994781
237,diverged,,0.000000,,0.000000,0.000000,0.000000,0.000000,0.000000,0.000000,0.000000,0.000000,0.779855,-0.499033,0.637867,-0.554059,-0.827964,0.536223,0.464031,0.105181,0.696145,0.103256,1.152442,0.027862
238,collapsed,,0.000000,-0.764474,0.000000,0.000000,0.000000,0.000000,-0.288818,-0.288818,-0.512833,-0.512833,-0.068144,-0.180974,-0.332339,-0.912502,0.044113,-0.332485,-0.352592,-0.386742,-0.186037,-0.260540,0.669348,0.476938
239,diverged,,0.000000,,0.000000,0.000000,0.000000,0.000000,0.000000,0.000000,0.000000,0.000000,-1.028378,0.192006,-0.575855,-0.654751,-0.037003,0.710784,0.984907,0.804142,0.410325,-0.444905,0.248889,0.915251
240,diverged,,0.000000,,0.000000,0.000000,0.000000,0.000000,0.000000,0.000000,0.000000,0.000000,-0.446934,-0.208657,0.454119,-1.115289,0.250601,-0.258831,1.022485,1.026793,-0.979188,-0.984165,0.157433,1.019839
241,diverged,,0.000000,,0.000000,0.000000,0.000000,0.000000,0.000000,0.000000,0.000000,0.000000,-0.156376,-0.342010,0.352982,-0.449661,0.168936,-0.516965,-1.057731,1.149620,0.845726,-0.017210,1.066173,0.127673
242,diverged,,0.000000,,0.000000,0.000000,0.000000,0.000000,0.000000,0.000000,0.000000,0.000000,0.049449,0.571226,0.516080,0.606624,-1.092797,-1.067684,-1.117185,-0.082128,-0.813251,0.089274,0.910274,0.055747
243,diverged,,0.000000,,0.000000,0.000000,0.000000,0.000000,0.000000,0.000000,0.000000,0.000000,1.182237,0.165244,1.011171,-0.352914,-1.190774,0.370060,-0.919093,-0.685095,-1.065849,0.166268,0.919905,0.386127
244,diverged,,0.000000,,0.000000,0.000000,0.000000,0.000000,0.000000,0.000000,0.000000,0.000000,0.038606,0.456430,-0.908102,0.540837,0.696039,-0.352370,-0.789712,-0.307082,-0.533448,-0.818445,0.499769,0.100539
245,collapsed,,0.000000,-0.014961,0.000000,0.000000,0.000000,0.000000,0.082513,0.082513,0.418370,0.418370,0.251802,-0.756922,0.706083,-0.139791,-0.308301,0.126663,0.715555,-1.025081,0.088110,-0.218114,-0.839318,0.831117
246,diverged,,0.000000,,0.000000,0.000000,0.000000,0.000000,0.000000,0.000000,0.000000,0.000000,-0.600652,-0.294234,0.920209,0.831587,-0.820335,-1.177355,0.822952,-0.567982,0.875616,0.021569,0.729033,0.756564
247,diverged,,0.000000,,0.000000,0.000000,0.000000,0.000000,0.000000,0.000000,0.000000,0.000000,-0.664080,0.463083,0.583254,0.878454,-0.527921,-1.064957,-0.011316,-0.594902,0.703166,0.993040,-1.166410,0.842369
248,diverged,,0.000000,,0.000000,0.000000,0.000000,0.000000,0.000000,0.000000,0.000000,0.000000,-0.377925,0.752290,-0.981052,-0.173524,-0.970939,-0.816778,0.950917,0.477777,-0.713151,0.170746,0.327181,-1.179465
249,collapsed,,0.000000,-0.113529,0.001875,1.021133,0.259343,0.253975,-0.638021,0.383112,-0.809181,-0.549838,0.071536,-0.328707,0.818887,0.471599,0.791431,0.126444,-0.518937,0.543142,-1.069830,0.933184,-0.389796,-0.165071
250,collapsed,,0.000000,-0.253802,0.000000,0.000000,0.000000,0.000000,-0.169256,-0.169256,0.131954,0.131954,0.134084,1.062020,0.331933,-0.650251,-1.157432,0.293438,0.192892,0.490639,-0.140420,-0.848867,0.034020,0.153957
251,collapsed,,0.000000,-0.121161,0.000000,0.000000,0.000000,0.000000,-0.806671,-0.806671,-0.196147,-0.196147,-0.570207,0.799333,0.457803,-0.073343,-0.625453,-0.016660,0.748334,1.073930,-0.381072,0.991898,-0.244468,-0.912268
252,nonchaotic,,0.000000,0.014144,0.061875,1.268395,1.652366,0.767623,-0.121201,1.147194,-1.139472,0.512895,0.483965,-1.052393,0.475832,0.588716,-0.592728,-0.083878,-1.028425,-0.692929,1.176584,-0.781952,-0.015676,1.066850
253,diverged,,0.000000,,0.000000,0.000000,0.000000,0.000000,0.000000,0.000000,0.000000,0.000000,0.958583,-0.244205,-0.067659,-0.932674,1.127087,1.086193,0.819881,-0.891528,-0.695540,-0.458541,0.492136,-0.557356
254,collapsed,,0.000000,-0.798635,0.000000,0.000000,0.000000,0.000000,0.515912,0.515912,0.023648,0.023648,0.526644,0.507134,-1.044488,-0.609485,0.568801,-0.673340,0.263052,-0.343814,-0.221088,-0.034940,-0.122908,0.271762
255,diverged,,0.000000,,0.000000,0.000000,0.000000,0.000000,0.000000,0.000000,0.000000,0.000000,1.143752,0.660343,0.444348,0.840782,0.434112,0.678452,-0.396748,-1.118236,0.626582,-0.970869,1.076501,1.021331
256,collapsed,,0.000000,-0.456646,0.000000,0.000000,0.000000,0.000000,-0.441687,-0.441687,0.539381,0.539381,-0.623913,0.420735,-0.176313,-0.173858,0.349446,0.593098,0.745764,-0.395800,0.184720,-0.320549,-0.903361,-0.021826
257,diverged,,0.000000,,0.000000,0.000000,0.000000,0.000000,0.000000,0.000000,0.000000,0.000000,1.047473,-0.088259,0.887493,0.289922,0.596541,0.466023,0.418208,-0.285078,-1.085761,0.637360,0.884148,-0.433758
258,collapsed,,0.000000,-0.043974,0.002500,0.815703,2.219605,0.367499,-0.198563,0.617140,-0.799254,1.420351,0.241544,0.466339,0.430377,-0.756565,1.073100,-0.637617,1.118036,-0.804942,-0.845194,-0.800999,-1.156587,-0.310769
259,diverged,,0.000000,,0.000000,0.000000,0.000000,0.000000,0.000000,0.000000,0.000000,0.000000,-0.273272,-0.894613,0.403297,1.028849,-0.985426,0.306394,-0.432911,0.954231,0.818786,0.335388,-0.772174,1.118234
260,collapsed,,0.000000,-0.818299,0.000000,0.000000,0.000000,0.000000,-0.536201,-0.536201,-0.017067,-0.017067,-0.678763,-0.324955,-0.065869,-0.561919,0.455794,0.618670,-0.124081,-0.001441,0.401201,0.769068,0.937440,-0.505144
261,collapsed,,0.000000,-0.109478,0.002500,0.596074,0.582290,0.976874,-0.634581,-0.038507,0.344314,0.926604,-0.560085,-0.606756,-0.549788,-0.896421,-0.395491,0.229795,0.622138,-0.101126,-0.962598,1.069946,1.030703,-0.326444
262,diverged,,0.000000,,0.000000,0.000000,0.000000,0.000000,0.000000,0.000000,0.000000,0.000000,0.043443,0.972220,0.995275,0.714179,-0.316755,0.306491,-0.654611,0.693115,-0.349880,-0.766080,0.635822,0.037071
263,diverged,,0.000000,,0.000000,0.000000,0.000000,0.000000,0.000000,0.000000,0.000000,0.000000,0.390178,0.321023,-0.062355,-0.898811,-0.706346,-0.291488,0.715427,-1.194615,-1.001319,-0.877900,-0.805914,-1.109720
264,collapsed,,0.000000,-0.442979,0.000000,0.000000,0.000000,0.000000,0.388898,0.388898,-0.349302,-0.349302,0.525291,-0.300244,0.864168,0.947988,-0.354881,-1.192591,-0.325789,0.254769,-1.190393,-0.448680,0.416779,1.164452
265,nonchaotic,,0.000000,0.000054,0.096250,0.703947,0.810135,0.868926,-0.465645,0.238302,-0.901333,-0.091198,-0.060226,-0.424308,0.429108,0.342651,0.032677,-0.349306,-1.047767,-0.556787,-0.411942,-0.079742,-0.203971,0.948480
266,collapsed,,0.000000,-0.359252,0.000000,0.000000,0.000000,0.000000,0.864037,0.864037,-0.231273,-0.231273,0.692355,0.079257,0.021668,-1.181420,0.799540,0.670369,0.373310,-0.805944,0.091266,-0.667985,0.525380,0.218212
267,collapsed,,0.000000,-0.735300,0.000000,0.000000,0.000000,0.000000,0.625303,0.625303,0.908077,0.908077,0.967335,-1.105872,0.618947,0.017701,0.633292,-0.579268,0.280274,0.885234,-0.458118,-0.021979,0.922120,-0.693044
268,collapsed,,0.000000,-0.042398,0.000000,0.000000,0.000000,0.000000,-0.558459,-0.558459,0.282419,0.282419,-0.577705,0.233325,-0.753257,-1.021142,0.932621,-0.501154,-0.135067,-1.088947,0.395166,0.000041,-1.016820,-0.334923
269,diverged,,0.000000,,0.000000,0.000000,0.000000,0.000000,0.000000,0.000000,0.000000,0.000000,0.611443,0.939406,0.949225,0.104940,0.510674,0.177854,-0.168541,0.864981,0.260127,0.897864,0.847307,0.457847
270,diverged,,0.000000,,0.000000,0.000000,0.000000,0.000000,0.000000,0.000000,0.000000,0.000000,0.626369,0.488525,-1.099009,1.029852,-0.421922,-0.648822,-1.016750,1.097606,-1.097922,1.165380,1.028922,-0.817197
271,diverged,,0.000000,,0.000000,0.000000,0.000000,0.000000,0.000000,0.000000,0.000000,0.000000,1.078884,-0.888200,0.318163,-0.296518,-0.354984,-0.246777,0.882209,-0.887336,0.920013,0.292035,-0.538782,0.892621
272,collapsed,,0.000000,-0.146683,0.008125,2.443191,1.848177,0.756460,-1.341116,1.102075,-0.585567,1.262609,-1.165761,-0.646436,0.556146,-0.368455,0.523159,-0.295100,0.996943,-0.135303,-0.057061,-0.372076,-0.889304,-0.234186
273,collapsed,,0.000000,-0.142835,0.000000,0.000000,0.000000,0.000000,-0.353080,-0.353080,0.446242,0.446242,-0.178959,-0.595997,-0.861857,0.141547,-0.355973,-0.481886,0.729082,0.825873,0.142956,0.404338,0.173566,-0.114537
274,diverged,,0.000000,,0.000000,0.000000,0.000000,0.000000,0.000000,0.000000,0.000000,0.000000,0.481844,0.104162,1.130986,0.450985,-0.114681,-0.750239,-0.836493,0.802995,-1.000799,-0.836441,-0.657151,0.595864
275,diverged,,0.000000,,0.000000,0.000000,0.000000,0.000000,0.000000,0.000000,0.000000,0.000000,0.460753,-1.087719,-0.312632,0.593420,-1.119987,0.083627,1.112994,0.706611,0.405986,0.187634,0.030377,0.337217
276,diverged,,0.000000,,0.000000,0.000000,0.000000,0.000000,0.000000,0.000000,0.000000,0.000000,-0.079389,1.185312,-0.609423,0.264228,0.491190,0.776913,0.886483,0.879707,-1.195657,-0.865282,-0.988950,0.676560
277,diverged,,0.000000,,0.000000,0.000000,0.000000,0.000000,0.000000,0.000000,0.000000,0.000000,-0.018735,-1.039150,-1.196062,-0.724407,-1.018770,-0.026608,-0.490016,0.817016,1.108877,-0.305565,0.567148,-1.143328
278,collapsed,,0.000000,-0.698513,0.000000,0.000000,0.000000,0.000000,-0.562370,-0.562370,0.110303,0.110303,-0.519147,0.061609,0.199014,0.125184,-0.611577,0.304725,0.235480,-0.016450,-0.602864,-1.192011,-0.180366,0.179736
279,nonchaotic,,0.000000,-0.000308,0.095000,0.060220,0.179549,0.335396,0.430698,0.490918,-0.469824,-0.290275,0.497109,-0.014638,-0.517521,0.503860,-0.822521,-0.953496,-0.153542,-0.845125,-0.734487,-0.880389,0.010125,1.089754
280,diverged,,0.000000,,0.000000,0.000000,0.000000,0.000000,0.000000,0.000000,0.000000,0.000000,-0.728870,0.449659,0.874447,1.159129,-0.080833,-0.408362,-0.252009,0.621582,-0.776103,0.156348,0.791147,-1.159130
281,diverged,,0.000000,,0.000000,0.000000,0.000000,0.000000,0.000000,0.000000,0.000000,0.000000,0.307398,0.408505,-0.472509,-0.220029,0.555236,0.387756,0.154000,0.308299,0.492730,0.795653,1.099022,-0.940517
282,diverged,,0.000000,,0.000000,0.000000,0.000000,0.000000,0.000000,0.000000,0.000000,0.000000,-0.876067,0.802706,-1.169640,0.130426,1.139392,1.100254,1.178143,-0.673787,0.868405,0.501814,0.302748,-0.950327
283,diverged,,0.000000,,0.000000,0.000000,0.000000,0.000000,0.000000,0.000000,0.000000,0.000000,-1.053758,0.742594,0.619050,-0.010635,-0.473138,0.282020,0.053374,-0.811790,0.958623,-0.827113,0.165103,-0.533517
284,diverged,,0.000000,,0.000000,0.000000,0.000000,0.000000,0.000000,0.000000,0.000000,0.000000,-1.017014,-0.845011,-0.934204,-0.219921,-0.998166,-0.453223,0.865682,0.963640,0.798844,1.064021,-0.675509,-1.054599
285,diverged,,0.000000,,0.000000,0.000000,0.000000,0.000000,0.000000,0.000000,0.000000,0.000000,1.195427,0.449022,-0.764202,-0.704213,-0.241127,1.182577,0.861862,1.061166,0.832800,1.047367,0.746715,0.346631
286,accepted,2,0.062917,0.426556,0.147500,1.225496,2.268589,0.540202,-0.399062,0.826434,-1.599485,0.669104,0.703602,-0.311114,-0.487180,0.257623,-0.574024,-0.727594,0.377077,-0.901430,0.360386,-1.051393,-0.980710,-0.787368
287,diverged,,0.000000,,0.000000,0.000000,0.000000,0.000000,0.000000,0.000000,0.000000,0.000000,0.513227,0.925286,0.242256,0.155748,0.454153,-0.384066,0.409423,0.682039,-0.439831,1.138761,-0.376476,-0.727798
288,diverged,,0.000000,,0.000000,0.000000,0.000000,0.000000,0.000000,0.000000,0.000000,0.000000,-0.296504,-0.276626,-1.086720,-0.209137,0.135862,-0.706276,0.434269,-0.671531,0.937406,0.637409,-0.094512,-0.680899
289,collapsed,,0.000000,-1.214119,0.000000,0.000000,0.000000,0.000000,-0.158864,-0.158864,0.376548,0.376548,-0.430608,0.447858,0.148426,-0.593694,0.805552,0.002134,0.592042,-0.351044,-0.089531,0.228478,-0.686191,0.021504
290,diverged,,0.000000,,0.000000,0.000000,0.000000,0.000000,0.000000,0.000000,0.000000,0.000000,-0.933494,0.498508,-0.828919,-0.674794,0.219498,0.165687,1.142693,-0.960667,-0.068425,-0.309425,-0.482658,0.363798
291,diverged,,0.000000,,0.000000,0.000000,0.000000,0.000000,0.000000,0.000000,0.000000,0.000000,-0.870987,-0.150345,0.422174,0.989467,0.299428,-0.670003,1.159247,-0.274094,0.184825,-0.778601,0.118398,0.097275
292,diverged,,0.000000,,0.000000,0.000000,0.000000,0.000000,0.000000,0.000000,0.000000,0.000000,-1.137204,0.381681,-0.121727,-0.165077,-0.977655,-0.845972,0.660373,1.076033,0.915135,-0.001614,-0.157758,-1.032987
293,diverged,,0.000000,,0.000000,0.000000,0.000000,0.000000,0.000000,0.000000,0.000000,0.000000,-0.180478,1.021629,-0.559274,0.513731,-0.570118,1.116199,0.753334,0.832178,-1.046636,0.496197,0.541498,0.607605
294,diverged,,0.000000,,0.000000,0.000000,0.000000,0.000000,0.000000,0.000000,0.000000,0.000000,-1.128990,-0.664598,-0.985735,-0.185111,-0.280458,0.067617,-0.012497,-0.273992,-0.358824,-0.083012,0.323120,0.044271
295,diverged,,0.000000,,0.000000,0.000000,0.000000,0.000000,0.000000,0.000000,0.000000,0.000000,0.187004,0.950013,-0.337417,0.343677,-0.106391,-1.113127,-0.979855,0.029241,1.028053,-0.577793,-0.149825,-0.739545
296,diverged,,0.000000,,0.000000,0.000000,0.000000,0.000000,0.000000,0.000000,0.000000,0.000000,0.539322,-0.834130,-0.201690,-0.357078,0.745427,0.666618,-0.288273,0.594065,-1.036979,0.830993,-0.116838,-1.157739
297,diverged,,0.000000,,0.000000,0.000000,0.000000,0.000000,0.000000,0.000000,0.000000,0.000000,-0.200637,-0.518739,0.972333,0.274460,-1.043957,-0.463079,-0.977186,-0.331742,0.172662,-0.117104,-0.949324,-0.980969
298,diverged,,0.000000,,0.000000,0.000000,0.000000,0.000000,0.000000,0.000000,0.000000,0.000000,-0.606927,0.537836,-1.052961,0.029876,-1.078072,0.012154,-1.007138,0.771236,0.389475,-0.379866,0.168599,-0.596614
299,diverged,,0.000000,,0.000000,0.000000,0.000000,0.000000,0.000000,0.000000,0.000000,0.000000,0.651183,-0.021398,0.241883,-0.957526,-0.201303,0.545698,-0.926142,-1.156404,0.415281,-0.369390,-0.444506,0.245594
300,collapsed,,0.000000,-0.807421,0.000000,0.000000,0.000000,0.000000,0.339173,0.339173,0.406429,0.406429,0.666069,-0.440104,-0.135813,0.394713,-0.608951,0.188173,-0.039597,1.059211,-0.817748,1.033537,0.273302,-0.440167
301,accepted,,0.023964,0.206140,0.116250,4.624206,12.333215,0.374939,-3.211775,1.412432,-8.679834,3.653382,-0.948923,0.162759,-0.097878,-0.020727,-0.590000,-0.009186,-0.477428,0.207232,-0.092670,0.668031,-1.062225,-0.358996
302,collapsed,,0.000000,-1.688014,0.000000,0.000000,0.000000,0.000000,0.079145,0.079145,0.553840,0.553840,0.403312,-0.178038,0.758967,-0.953633,-0.854295,0.652391,0.518334,0.770791,-0.781118,0.586057,-0.405956,0.582062
303,collapsed,,0.000000,-0.456688,0.000000,0.000000,0.000000,0.000000,-0.177017,-0.177017,-0.200252,-0.200252,-0.246615,-0.865215,-1.029493,0.334923,0.477443,0.808879,-0.105580,0.592019,0.675602,-0.166797,0.159170,0.666876
304,diverged,,0.000000,,0.000000,0.000000,0.000000,0.000000,0.000000,0.000000,0.000000,0.000000,-0.339276,-1.017474,-0.268638,0.128671,-0.311831,-1.197963,-0.159549,-0.299042,0.953356,1.115740,0.798277,0.743644
305,diverged,,0.000000,,0.000000,0.000000,0.000000,0.000000,0.000000,0.000000,0.000000,0.000000,-0.610264,0.479361,-0.188807,0.510553,-0.945151,1.007629,0.075240,-0.229366,0.905245,-0.840687,-0.507372,0.213527
306,diverged,,0.000000,,0.000000,0.000000,0.000000,0.000000,0.000000,0.000000,0.000000,0.000000,0.589385,1.148192,-0.025793,-0.249104,-0.094998,-0.282632,0.759211,-0.236708,1.089438,0.558770,-0.804752,1.116816
307,diverged,,0.000000,,0.000000,0.000000,0.000000,0.000000,0.000000,0.000000,0.000000,0.000000,1.184770,-0.859326,0.187625,0.652493,0.930754,-0.789007,-1.026286,1.139093,-0.524831,-0.784768,1.028790,0.876212
308,collapsed,,0.000000,-0.368519,0.000000,0.000000,0.000000,0.000000,0.531260,0.531260,0.066379,0.066379,0.355553,0.637412,-0.459192,-0.925223,-0.077083,1.003451,-0.074435,0.509293,-0.263142,0.606339,-1.151328,-0.100613
309,diverged,,0.000000,,0.000000,0.000000,0.000000,0.000000,0.000000,0.000000,0.000000,0.000000,0.177730,-0.809338,-0.990819,1.193295,-0.996420,-0.221871,0.544915,0.064861,-0.278805,-0.074637,-0.138215,1.128706
310,diverged,,0.000000,,0.000000,0.000000,0.000000,0.000000,0.000000,0.000000,0.000000,0.000000,0.529073,0.727460,0.312118,0.094165,0.461120,-0.124028,0.522343,-0.440546,0.562689,1.176639,-0.226456,-1.013499
311,diverged,,0.000000,,0.000000,0.000000,0.000000,0.000000,0.000000,0.000000,0.000000,0.000000,-0.573612,0.321059,-0.704040,0.100121,-0.297742,0.763995,-0.542878,-0.308170,0.313982,-1.021356,-0.939154,-0.853296
312,diverged,,0.000000,,0.000000,0.000000,0.000000,0.000000,0.000000,0.000000,0.000000,0.000000,-0.648548,1.115753,0.718953,0.060453,-0.964812,0.564619,-0.741731,-0.470130,1.135348,0.312298,0.356502,0.460312
313,diverged,,0.000000,,0.000000,0.000000,0.000000,0.000000,0.000000,0.000000,0.000000,0.000000,0.932496,-0.149248,0.160901,-0.814191,-0.568427,0.730311,-0.587628,-0.619130,-0.886510,-0.006018,-0.097497,-0.848820
314,collapsed,,0.000000,-0.127127,0.000000,0.000000,0.000000,0.000000,0.044813,0.044813,-0.182846,-0.182846,0.141381,0.948151,-0.153703,-0.964790,0.729916,-0.394589,-0.294620,-0.286377,-0.856100,0.671831,-0.538270,0.999353
315,diverged,,0.000000,,0.000000,0.000000,0.000000,0.000000,0.000000,0.000000,0.000000,0.000000,1.155610,-0.517472,0.880898,-0.226105,-0.766617,-1.059555,-0.406227,0.327107,1.197324,0.961529,-0.480764,-0.654541
316,accepted,1,0.118587,0.210120,0.564375,1.567107,2.422196,0.646978,-1.066670,0.500437,-1.681599,0.740597,-0.961792,0.116483,0.750147,-0.544763,0.545643,0.957609,-0.088555,1.143304,0.324770,-0.706910,0.514496,0.413387
317,diverged,,0.000000,,0.000000,0.000000,0.000000,0.000000,0.000000,0.000000,0.000000,0.000000,0.470393,0.447416,-0.497494,0.473301,0.099228,-0.705951,-0.979111,1.026759,0.327514,0.274982,0.151580,-0.769768
318,diverged,,0.000000,,0.000000,0.000000,0.000000,0.000000,0.000000,0.000000,0.000000,0.000000,-1.199829,-0.852335,0.822008,-1.104907,1.023023,1.043386,0.189646,0.477566,0.860321,1.186576,-0.137088,-0.351178
319,diverged,,0.000000,,0.000000,0.000000,0.000000,0.000000,0.000000,0.000000,0.000000,0.000000,-0.409666,-1.058681,0.978135,-1.077630,0.701284,-1.176858,-0.489593,-0.464013,-0.581709,-0.253003,-0.919820,0.426576
320,diverged,,0.000000,,0.000000,0.000000,0.000000,0.000000,0.000000,0.000000,0.000000,0.000000,0.562506,0.946800,0.901902,-0.692067,-0.099796,0.683702,1.184942,-0.083882,-0.563457,-0.448345,-0.593753,-0.896761
321,diverged,,0.000000,,0.000000,0.000000,0.000000,0.000000,0.000000,0.000000,0.000000,0.000000,0.287916,-0.159778,-0.104688,-0.673297,-0.417611,0.651154,-0.806169,0.512784,0.989088,-0.496557,-0.345607,0.949983
322,diverged,,0.000000,,0.000000,0.000000,0.000000,0.000000,0.000000,0.000000,0.000000,0.000000,0.362513,-0.806570,0.549107,-0.993630,-0.968985,0.729488,-0.848052,0.095782,-0.996159,-0.705100,0.623389,-0.764623
323,diverged,,0.000000,,0.000000,0.000000,0.000000,0.000000,0.000000,0.000000,0.000000,0.000000,0.768909,-0.693453,0.467498,-1.096956,-0.787822,-0.384317,-0.282356,-0.119070,-0.514823,-0.315819,1.044870,-0.761450
324,collapsed,,0.000000,-0.029428,0.010000,0.673440,0.876098,0.768682,0.001371,0.674811,-0.376365,0.499733,0.197976,0.143362,-0.709401,0.913325,0.350320,0.701901,0.449320,-1.046998,-0.632444,-0.714796,1.037499,0.017184
325,diverged,,0.000000,,0.000000,0.000000,0.000000,0.000000,0.000000,0.000000,0.000000,0.000000,0.386503,0.389517,-0.865465,-0.743497,0.626430,1.168632,-0.747558,-0.996297,-0.922903,-1.007102,1.055331,-0.482086
326,diverged,,0.000000,,0.000000,0.000000,0.000000,0.000000,0.000000,0.000000,0.000000,0.000000,0.523517,-0.546249,-0.883586,-1.173479,0.620764,-0.807137,-0.985834,-0.020942,1.018296,-1.102380,-0.213158,-0.217731
327,diverged,,0.000000,,0.000000,0.000000,0.000000,0.000000,0.000000,0.000000,0.000000,0.000000,-0.682042,-0.075146,0.002835,1.143211,-1.184995,-0.414381,0.173274,0.930060,1.192516,-0.212885,-1.107143,1.092258
328,diverged,,0.000000,,0.000000,0.000000,0.000000,0.000000,0.000000,0.000000,0.000000,0.000000,-0.149999,-0.002427,0.728218,-0.005121,0.614250,0.925140,0.623485,-0.016563,0.324659,-0.816811,0.268545,1.070395
329,nonchaotic,,0.000000,0.000178,0.047500,1.878091,0.253695,0.135081,-1.146296,0.731795,0.216171,0.469866,-1.130766,-0.642209,0.895181,0.215021,-0.280490,0.938168,0.900283,-0.468092,-0.277763,1.013168,-1.112326,0.923091
330,collapsed,,0.000000,-0.029048,0.003750,3.481592,1.381756,0.396875,-1.744386,1.737206,-1.004905,0.376852,-0.239495,-1.094558,0.134031,-0.892865,0.446124,0.852135,0.738947,-0.028525,-0.558519,-0.258997,-0.769487,0.454375
331,diverged,,0.000000,,0.000000,0.000000,0.000000,0.000000,0.000000,0.000000,0.000000,0.000000,0.528569,1.127334,1.152565,-0.293352,-0.632043,0.776695,1.158306,-1.191840,0.785053,0.535342,0.259779,-0.765377
332,collapsed,,0.000000,-0.129576,0.000000,0.000000,0.000000,0.000000,0.038345,0.038345,0.000657,0.000657,0.060252,-0.587867,0.194555,1.021307,0.489273,0.864558,0.043705,-1.111422,-0.155057,-0.866482,-0.276681,1.107272
333,diverged,,0.000000,,0.000000,0.000000,0.000000,0.000000,0.000000,0.000000,0.000000,0.000000,0.703232,1.091093,-1.033696,-0.549753,-0.416387,-0.532502,0.122797,0.859545,1.107587,0.631684,-0.606270,-0.876367
334,collapsed,,0.000000,-0.091327,0.001250,0.233856,0.857576,0.272694,-0.227304,0.006552,-0.383739,0.473837,-0.163522,-0.716007,0.185368,-1.151348,-0.029973,-0.499098,0.311340,0.316973,-0.339021,-0.575529,-0.859277,-1.159554
335,diverged,,0.000000,,0.000000,0.000000,0.000000,0.000000,0.000000,0.000000,0.000000,0.000000,1.151292,0.167829,-0.848603,0.531790,0.001304,-0.015331,0.762707,-0.274322,-0.371780,0.236369,0.472611,0.968106
336,collapsed,,0.000000,-0.122274,0.000000,0.000000,0.000000,0.000000,0.432031,0.432031,0.155256,0.155256,0.599006,-0.345611,-0.366062,-0.622781,0.640870,-0.292940,-0.015562,0.420444,0.133602,-1.120201,0.103385,0.967605
337,diverged,,0.000000,,0.000000,0.000000,0.000000,0.000000,0.000000,0.000000,0.000000,0.000000,-0.368316,-1.014224,-0.728889,-0.146929,-0.928262,-0.485940,-0.148801,-1.054508,1.152520,-0.274060,-0.119513,1.083334
338,nonchaotic,,0.000000,-0.000043,0.093125,1.178968,0.824356,0.699219,-0.153063,1.025905,-1.615409,-0.791053,0.510104,1.191632,-0.077355,0.148934,-0.573968,-0.839981,-0.607922,-0.845660,-0.826147,-0.685746,0.352111,0.136892
339,diverged,,0.000000,,0.000000,0.000000,0.000000,0.000000,0.000000,0.000000,0.000000,0.000000,0.734388,0.836065,0.311083,-0.035606,-0.014918,0.636795,-0.371781,1.031003,0.305519,0.204213,-0.791569,0.794248
340,diverged,,0.000000,,0.000000,0.000000,0.000000,0.000000,0.000000,0.000000,0.000000,0.000000,-0.491824,-0.639703,-0.726447,0.240472,0.685151,-0.569394,-0.109781,1.019310,-0.746535,-0.911028,-0.924732,0.190126
341,collapsed,,0.000000,-0.608844,0.000000,0.000000,0.000000,0.000000,0.128152,0.128152,-1.163957,-1.163957,-0.515345,-0.986554,-0.995679,-0.738574,-0.188642,0.336979,-0.600464,-0.833087,0.132386,-0.614473,0.857805,0.330592
342,collapsed,,0.000000,-0.004750,0.000000,0.000286,0.000544,0.000000,0.434812,0.435097,-0.092147,-0.091603,0.324566,0.778232,-0.966212,0.275223,0.383135,0.104505,0.397920,-0.955944,-1.051606,-0.700395,-1.085513,-0.328236
343,diverged,,0.000000,,0.000000,0.000000,0.000000,0.000000,0.000000,0.000000,0.000000,0.000000,-0.747596,-0.000543,-1.189618,0.604386,-0.487411,0.682762,-0.167663,1.061686,-0.355744,0.242631,-0.808462,-0.053118
344,diverged,,0.000000,,0.000000,0.000000,0.000000,0.000000,0.000000,0.000000,0.000000,0.000000,-0.789997,-0.756736,1.097177,-0.826625,-0.539886,0.034073,1.044777,0.900169,-0.051936,0.546811,-0.533994,-0.007177
345,collapsed,,0.000000,-0.844143,0.000000,0.000000,0.000000,0.000000,0.273792,0.273792,-0.019916,-0.019916,0.206329,0.356818,-0.454929,-0.033713,-0.178522,0.334983,0.153032,-0.661292,0.059793,-1.011081,0.115301,1.032698
346,diverged,,0.000000,,0.000000,0.000000,0.000000,0.000000,0.000000,0.000000,0.000000,0.000000,-0.857232,-0.879869,0.989173,-0.265996,-0.495808,0.636410,-0.606319,-0.390971,0.217023,-0.336703,-0.909553,-0.218029
347,diverged,,0.000000,,0.000000,0.000000,0.000000,0.000000,0.000000,0.000000,0.000000,0.000000,-0.403398,-1.162516,-0.342058,-0.262567,0.941389,1.137830,-0.613187,-0.593169,0.360155,-0.854973,-1.185046,0.587600
348,diverged,,0.000000,,0.000000,0.000000,0.000000,0.000000,0.000000,0.000000,0.000000,0.000000,-0.671115,0.716366,0.940000,-0.857814,0.084829,-1.168749,0.877804,1.116290,-1.081871,1.025823,-0.921731,0.551919
349,diverged,,0.000000,,0.000000,0.000000,0.000000,0.000000,0.000000,0.000000,0.000000,0.000000,-1.129105,0.681921,0.566850,-0.147652,-0.506965,0.030723,-0.952046,-0.896062,0.591587,-0.015189,-0.923041,-0.314470
350,diverged,,0.000000,,0.000000,0.000000,0.000000,0.000000,0.000000,0.000000,0.000000,0.000000,0.914838,0.776184,0.062906,0.795910,-0.777633,0.283005,-0.213112,-0.355322,-0.991397,0.277161,-0.930877,-0.179742
351,diverged,,0.000000,,0.000000,0.000000,0.000000,0.000000,0.000000,0.000000,0.000000,0.000000,1.135660,-0.956780,0.126268,0.211175,-1.173117,-0.021584,-0.229484,0.901031,-1.123358,-0.696265,1.178261,1.095571
352,diverged,,0.000000,,0.000000,0.000000,0.000000,0.000000,0.000000,0.000000,0.000000,0.000000,-0.461867,-1.191231,0.160912,0.437020,1.198977,1.000941,-0.951626,0.346327,-1.070522,0.780746,0.504218,-0.201441
353,diverged,,0.000000,,0.000000,0.000000,0.000000,0.000000,0.000000,0.000000,0.000000,0.000000,-0.112367,1.129808,-0.115791,1.143008,-0.927016,-0.320624,-1.173881,-0.907826,-0.185813,0.457881,1.108442,-0.818423
354,diverged,,0.000000,,0.000000,0.000000,0.000000,0.000000,0.000000,0.000000,0.000000,0.000000,0.719963,-0.840707,-0.366025,0.993091,-0.480718,1.042641,1.192159,-0.940706,0.895880,-0.772279,0.107818,-0.918153
355,diverged,,0.000000,,0.000000,0.000000,0.000000,0.000000,0.000000,0.000000,0.000000,0.000000,0.952845,-0.356271,0.160278,-0.415827,0.000040,-0.700938,-0.863964,0.559341,-0.628461,-0.144711,0.400831,-0.434520
356,collapsed,,0.000000,-0.183879,0.001250,0.475803,0.487176,0.976656,-0.091146,0.384657,-0.206587,0.280589,0.143292,-0.425834,0.746560,0.670872,-0.895316,-0.029099,0.184437,-0.328212,-0.367958,-0.265659,-0.481670,-0.590718
357,diverged,,0.000000,,0.000000,0.000000,0.000000,0.000000,0.000000,0.000000,0.000000,0.000000,0.148063,-0.478477,-0.718174,-0.302710,1.198183,-0.528953,-0.350045,0.379903,-0.514545,-0.924742,-1.065680,-0.327874
358,collapsed,,0.000000,-0.478341,0.000000,0.000000,0.000000,0.000000,-0.321634,-0.321634,-0.077871,-0.077871,-0.374368,0.132599,0.462341,0.444787,-0.549012,-1.045173,0.031632,0.025975,-1.034903,0.189575,0.038887,0.690986
359,diverged,,0.000000,,0.000000,0.000000,0.000000,0.000000,0.000000,0.000000,0.000000,0.000000,-0.247110,-0.139383,-0.479277,-1.067022,-0.350149,-0.819403,-0.890911,-0.877995,-1.154746,0.991679,0.124920,-1.130299
360,collapsed,,0.000000,-0.042713,0.000000,0.000000,0.000000,0.000000,-0.607723,-0.607723,-0.441650,-0.441650,-0.783261,0.412124,0.952571,0.877594,0.475136,0.248555,-0.455478,-0.381027,-0.598799,-0.757352,-0.597965,-0.294251
361,diverged,,0.000000,,0.000000,0.000000,0.000000,0.000000,0.000000,0.000000,0.000000,0.000000,0.611206,-0.721274,0.333767,0.436679,-0.408479,0.949808,-0.407131,-0.260408,-0.824452,0.590773,0.727938,-1.140420
362,diverged,,0.000000,,0.000000,0.000000,0.000000,0.000000,0.000000,0.000000,0.000000,0.000000,0.927278,-0.555202,0.113031,-1.069289,0.469921,-0.313853,-1.044409,0.678082,1.098265,-1.002793,-0.982949,-1.039024
363,diverged,,0.000000,,0.000000,0.000000,0.000000,0.000000,0.000000,0.000000,0.000000,0.000000,1.199703,0.720115,0.433831,0.253447,-0.765791,-0.863426,-0.110743,-1.199307,0.626991,0.319226,-0.242816,-0.228540
364,diverged,,0.000000,,0.000000,0.000000,0.000000,0.000000,0.000000,0.000000,0.000000,0.000000,-1.107223,-1.098323,0.439651,0.998045,-0.159722,0.530319,-1.073490,0.567496,-0.887446,0.376959,-0.494943,-0.583610
365,collapsed,,0.000000,-0.120345,0.000000,0.000000,0.000000,0.000000,-0.097981,-0.097981,-1.714985,-1.714985,0.769460,0.581301,-0.334769,1.094944,0.607137,0.016990,-0.430499,0.046852,0.388432,0.625597,1.031599,0.129346
366,diverged,,0.000000,,0.000000,0.000000,0.000000,0.000000,0.000000,0.000000,0.000000,0.000000,-0.184251,-0.707311,-0.800169,0.446256,0.089982,1.176962,-0.747530,-0.809696,0.600573,0.906841,-0.384373,0.792585
367,diverged,,0.000000,,0.000000,0.000000,0.000000,0.000000,0.000000,0.000000,0.000000,0.000000,-0.688099,0.349533,1.155157,0.560823,-0.816591,-0.226444,1.033352,-0.461596,-1.093691,-0.993988,0.189575,0.987841
368,diverged,,0.000000,,0.000000,0.000000,0.000000,0.000000,0.000000,0.000000,0.000000,0.000000,0.922571,0.798166,-0.661016,-0.280038,0.509644,0.895360,0.918351,0.431435,0.101650,0.872927,0.207103,0.899828
369,diverged,,0.000000,,0.000000,0.000000,0.000000,0.000000,0.000000,0.000000,0.000000,0.000000,0.048868,-0.016271,-0.926750,0.847529,-0.906419,0.039759,0.578087,-0.073708,0.947057,-0.419246,0.137393,-0.482582
370,diverged,,0.000000,,0.000000,0.000000,0.000000,0.000000,0.000000,0.000000,0.000000,0.000000,-1.125028,1.167058,-0.043708,-0.670448,0.332726,-1.039317,-0.119096,1.068465,1.128329,-0.945834,-1.166019,0.235449
371,diverged,,0.000000,,0.000000,0.000000,0.000000,0.000000,0.000000,0.000000,0.000000,0.000000,-0.377342,1.071071,0.682715,-0.992859,0.039647,-0.343673,0.324417,0.803439,-0.682301,-0.348447,0.419018,0.497657
372,diverged,,0.000000,,0.000000,0.000000,0.000000,0.000000,0.000000,0.000000,0.000000,0.000000,-0.011005,0.839511,1.151745,-0.476901,-0.675197,-0.139836,0.315690,0.176542,-1.141613,-0.796296,1.095655,1.126650
373,diverged,,0.000000,,0.000000,0.000000,0.000000,0.000000,0.000000,0.000000,0.000000,0.000000,-0.903846,-1.112045,0.270330,0.974025,-0.542053,0.573779,-0.988488,-0.856095,-0.938750,0.385761,-0.919661,0.576600
374,collapsed,,0.000000,-0.041336,0.000000,0.000000,0.000000,0.000000,0.083920,0.083920,-0.382063,-0.382063,-0.430273,0.693499,0.385138,0.008610,-0.750740,1.142189,-0.546675,0.234301,0.877186,-0.678551,-0.511849,-0.538069
375,diverged,,0.000000,,0.000000,0.000000,0.000000,0.000000,0.000000,0.000000,0.000000,0.000000,0.948523,0.615708,-0.538977,1.103953,0.361776,0.208372,0.402161,0.982529,0.365009,-0.653839,-0.497159,0.716368
376,collapsed,,0.000000,-1.264123,0.000000,0.000000,0.000000,0.000000,0.238017,0.238017,-0.080746,-0.080746,0.310754,0.032807,-0.675358,0.959161,0.344047,0.602531,-0.061749,-0.222346,0.409011,0.248832,-0.169592,0.282464
377,collapsed,,0.000000,-0.483393,0.000000,0.000000,0.000000,0.000000,1.143916,1.143916,-0.306332,-0.306332,0.792190,0.688778,-0.583686,-0.033547,-0.868935,0.529228,-1.051200,1.098649,-0.190730,-0.029897,1.044797,0.503667
378,diverged,,0.000000,,0.000000,0.000000,0.000000,0.000000,0.000000,0.000000,0.000000,0.000000,-0.419034,0.694902,0.065344,0.091958,0.720933,-0.325281,1.178522,0.402879,-1.117533,-0.612740,0.447049,0.308115
379,collapsed,,0.000000,-1.006059,0.000000,0.000000,0.000000,0.000000,0.239194,0.239194,-0.128383,-0.128383,0.295546,-0.624163,1.069426,-0.485196,-0.081000,0.391896,-0.194656,0.587168,-0.058114,0.210484,0.560098,0.456376
380,diverged,,0.000000,,0.000000,0.000000,0.000000,0.000000,0.000000,0.000000,0.000000,0.000000,-1.066898,1.175770,-0.132466,0.249515,-0.149966,-0.070137,0.518457,0.949257,-0.139168,-0.489683,-1.052517,-0.834016
381,collapsed,,0.000000,-0.091019,0.002500,0.984087,1.880791,0.523230,0.072877,1.056964,-0.939309,0.941482,0.683422,-0.863849,-0.278361,-0.174776,0.230707,0.728453,-0.309462,-1.093136,0.699928,-0.726154,-0.370310,1.053320
382,collapsed,,0.000000,-0.252899,0.001250,0.650528,0.075582,0.116186,-1.399917,-0.749389,-0.649216,-0.573634,-0.751848,0.978992,1.011122,-0.469390,0.500820,0.169052,-0.852726,-1.132851,-0.623118,0.131089,0.673879,0.364894
383,collapsed,,0.000000,-0.279869,0.001250,0.077829,1.048054,0.074260,0.410578,0.488407,-0.350131,0.697922,0.753101,-1.129542,0.736355,-0.929074,0.401763,0.124757,-0.360427,1.083505,-0.352680,-0.334417,-1.191345,1.133615
384,diverged,,0.000000,,0.000000,0.000000,0.000000,0.000000,0.000000,0.000000,0.000000,0.000000,-0.182398,-0.989340,1.083664,0.482516,-1.084402,0.547793,0.845161,-0.565820,-0.013161,0.160938,0.053082,0.489951
385,diverged,,0.000000,,0.000000,0.000000,0.000000,0.000000,0.000000,0.000000,0.000000,0.000000,-1.157166,0.053528,0.275310,0.657925,0.461449,0.953223,-0.540757,0.700025,0.403511,0.548569,-1.166255,0.845967
386,accepted,6,0.026596,0.146738,0.181250,2.838453,5.043388,0.562807,-2.669257,0.169196,-2.045610,2.997778,-0.011325,0.309681,0.054001,0.099475,0.537000,-0.360428,1.148363,0.902811,-0.138703,0.822964,1.040575,-0.174129
387,diverged,,0.000000,,0.000000,0.000000,0.000000,0.000000,0.000000,0.000000,0.000000,0.000000,0.581989,0.418695,0.828960,-0.938564,-0.058671,0.558124,-1.000573,0.078382,0.607139,-0.890524,0.393948,0.867959
388,diverged,,0.000000,,0.000000,0.000000,0.000000,0.000000,0.000000,0.000000,0.000000,0.000000,-1.151119,-0.488531,-0.125303,0.764294,-0.666012,-0.949695,0.243342,-0.268065,0.979200,-0.886312,0.998416,0.734159
389,diverged,,0.000000,,0.000000,0.000000,0.000000,0.000000,0.000000,0.000000,0.000000,0.000000,-0.597136,-0.834477,-0.097737,0.661797,0.613036,0.599374,-0.517448,0.591951,0.443255,0.010948,0.563773,-0.704462
390,diverged,,0.000000,,0.000000,0.000000,0.000000,0.000000,0.000000,0.000000,0.000000,0.000000,0.272617,0.906638,-0.255874,-0.691766,-0.803747,0.963298,0.999107,0.973046,0.111395,-0.282569,-0.684873,-0.375992
391,diverged,,0.000000,,0.000000,0.000000,0.000000,0.000000,0.000000,0.000000,0.000000,0.000000,0.850114,-0.103698,0.581130,0.139386,0.763865,0.656571,-0.590315,-0.687680,1.150100,-0.023761,-0.962717,-0.625962
392,diverged,,0.000000,,0.000000,0.000000,0.000000,0.000000,0.000000,0.000000,0.000000,0.000000,-0.266832,-0.167104,-0.519306,1.110330,-0.930537,1.105877,-0.421139,-0.795268,0.973782,1.101010,0.794244,-0.991717
393,collapsed,,0.000000,-0.107355,0.000000,0.000000,0.000000,0.000000,-0.420038,-0.420038,0.876517,0.876517,-0.216942,0.006200,0.156837,0.046932,-1.079257,0.956815,0.273327,-0.541402,0.050400,-0.891944,0.662352,-0.705550
394,diverged,,0.000000,,0.000000,0.000000,0.000000,0.000000,0.000000,0.000000,0.000000,0.000000,0.065904,1.080810,-0.670755,1.008792,-0.522231,0.694633,0.835860,0.585378,0.796243,-0.103110,-0.947891,1.062308
395,diverged,,0.000000,,0.000000,0.000000,0.000000,0.000000,0.000000,0.000000,0.000000,0.000000,0.723863,-0.848707,1.071626,0.771682,0.812264,0.773751,0.337630,0.930030,-0.118817,0.566749,0.444098,1.016461
396,collapsed,,0.000000,-0.166941,0.001250,0.541845,0.222435,0.410514,-0.225941,0.315903,-0.767940,-0.545505,0.303203,-0.857377,-0.687651,-0.028823,0.781840,0.779160,-0.826861,0.449747,0.146178,1.150294,-0.074130,0.201779
397,diverged,,0.000000,,0.000000,0.000000,0.000000,0.000000,0.000000,0.000000,0.000000,0.000000,0.967824,-0.905395,-0.807645,0.892908,-0.842067,-0.251438,0.815280,0.104360,-0.991658,0.307751,-0.578436,0.142605
398,diverged,,0.000000,,0.000000,0.000000,0.000000,0.000000,0.000000,0.000000,0.000000,0.000000,0.481995,0.985470,1.004431,-1.076414,-1.124988,0.667391,0.339823,-0.437125,-0.873419,0.165674,-0.105647,0.936576
399,diverged,,0.000000,,0.000000,0.000000,0.000000,0.000000,0.000000,0.000000,0.000000,0.000000,0.607634,0.758197,0.887667,-0.134886,1.157611,-0.290704,-1.173987,0.719755,0.987768,0.627453,-0.303329,0.422597
400,diverged,,0.000000,,0.000000,0.000000,0.000000,0.000000,0.000000,0.000000,0.000000,0.000000,0.860292,-1.173487,-0.835835,1.184321,0.512116,-0.170105,0.217299,0.165098,-1.092065,-0.832189,-0.052073,0.240237
